rel_path,name,ext,size_bytes,mtime,category,doctype,lang_hint
05_APPROVALS/README.md,README.md,.md,908,2026-05-04T06:47:11,approval,markdown,en
05_APPROVALS/المستخلص 03.pdf,المستخلص 03.pdf,.pdf,6835348,2026-05-04T06:47:11,approval,pdf,ar
05_APPROVALS/شهادة اعتماد-1.pdf,شهادة اعتماد-1.pdf,.pdf,6313233,2026-05-04T06:47:11,approval,pdf,ar
05_APPROVALS/شهادة اعتماد-10.pdf,شهادة اعتماد-10.pdf,.pdf,1590859,2026-05-04T06:47:12,approval,pdf,ar
05_APPROVALS/شهادة اعتماد-11.pdf,شهادة اعتماد-11.pdf,.pdf,13491930,2026-05-04T06:47:12,approval,pdf,ar
05_APPROVALS/شهادة اعتماد-12.pdf,شهادة اعتماد-12.pdf,.pdf,1340341,2026-05-04T06:47:12,approval,pdf,ar
05_APPROVALS/شهادة اعتماد-13.pdf,شهادة اعتماد-13.pdf,.pdf,9122098,2026-05-04T06:47:12,approval,pdf,ar
05_APPROVALS/شهادة اعتماد-14.pdf,شهادة اعتماد-14.pdf,.pdf,20843435,2026-05-04T06:47:12,approval,pdf,ar
05_APPROVALS/شهادة اعتماد-15.pdf,شهادة اعتماد-15.pdf,.pdf,11595060,2026-05-04T06:47:12,approval,pdf,ar
05_APPROVALS/شهادة اعتماد-16.pdf,شهادة اعتماد-16.pdf,.pdf,15437305,2026-05-04T06:47:12,approval,pdf,ar
05_APPROVALS/شهادة اعتماد-17.pdf,شهادة اعتماد-17.pdf,.pdf,6045245,2026-05-04T06:47:12,approval,pdf,ar
05_APPROVALS/شهادة اعتماد-18.pdf,شهادة اعتماد-18.pdf,.pdf,8477788,2026-05-04T06:47:12,approval,pdf,ar
05_APPROVALS/شهادة اعتماد-19.pdf,شهادة اعتماد-19.pdf,.pdf,26497872,2026-05-04T06:47:13,approval,pdf,ar
05_APPROVALS/شهادة اعتماد-2.pdf,شهادة اعتماد-2.pdf,.pdf,6552464,2026-05-04T06:47:11,approval,pdf,ar
05_APPROVALS/شهادة اعتماد-20.pdf,شهادة اعتماد-20.pdf,.pdf,30355736,2026-05-04T06:47:13,approval,pdf,ar
05_APPROVALS/شهادة اعتماد-21.pdf,شهادة اعتماد-21.pdf,.pdf,20897410,2026-05-04T06:47:13,approval,pdf,ar
05_APPROVALS/شهادة اعتماد-4 (2).pdf,شهادة اعتماد-4 (2).pdf,.pdf,4391566,2026-05-04T06:47:11,approval,pdf,ar
05_APPROVALS/شهادة اعتماد-5 (2).pdf,شهادة اعتماد-5 (2).pdf,.pdf,5814796,2026-05-04T06:47:12,approval,pdf,ar
05_APPROVALS/شهادة اعتماد-6.pdf,شهادة اعتماد-6.pdf,.pdf,915087,2026-05-04T06:47:12,approval,pdf,ar
05_APPROVALS/شهادة اعتماد-7.pdf,شهادة اعتماد-7.pdf,.pdf,1102924,2026-05-04T06:47:12,approval,pdf,ar
05_APPROVALS/شهادة اعتماد-8.pdf,شهادة اعتماد-8.pdf,.pdf,665141,2026-05-04T06:47:12,approval,pdf,ar
05_APPROVALS/شهادة اعتماد-9.pdf,شهادة اعتماد-9.pdf,.pdf,8784398,2026-05-04T06:47:12,approval,pdf,ar
02_BOQ/2023-MOMRA-0150-S     طلب اعتماد جداول الزيادات والوفورات والعقد المعدل (الامر التغييري رقم5)  .pdf,2023-MOMRA-0150-S     طلب اعتماد جداول الزيادات والوفورات والعقد المعدل (الامر التغييري رقم5)  .pdf,.pdf,31108454,2026-05-04T06:47:05,boq,pdf,ar
02_BOQ/BOQ.pdf,BOQ.pdf,.pdf,15021960,2026-05-04T06:47:05,boq,pdf,en
02_BOQ/BOQ.xlsx,BOQ.xlsx,.xlsx,99316,2026-05-04T06:47:05,boq,xlsx,en
02_BOQ/README.md,README.md,.md,742,2026-05-04T06:47:05,boq,markdown,en
02_BOQ/جداول الكميات.pdf,جداول الكميات.pdf,.pdf,7821081,2026-05-04T06:47:05,boq,pdf,ar
02_BOQ/طلب اعتماد جداول الزيادات والوفورات والبنود المستحدثة.pdf,طلب اعتماد جداول الزيادات والوفورات والبنود المستحدثة.pdf,.pdf,139388289,2026-05-04T06:47:06,boq,pdf,ar
03_VO/01_05_03_24_VO_REHQ (1)(امر تغيير رقم-1 ).pdf,01_05_03_24_VO_REHQ (1)(امر تغيير رقم-1 ).pdf,.pdf,1607624,2026-05-04T06:47:06,change_order,pdf,ar
03_VO/02_29_07_24_VO_REHQ(امر تغيير رقم-2).pdf,02_29_07_24_VO_REHQ(امر تغيير رقم-2).pdf,.pdf,6041000,2026-05-04T06:47:06,change_order,pdf,ar
03_VO/03_02_09_24_VO_REHQ)لمر تغيير رقم-3).pdf,03_02_09_24_VO_REHQ)لمر تغيير رقم-3).pdf,.pdf,8433473,2026-05-04T06:47:06,change_order,pdf,ar
03_VO/04_04_12_24_VO_REHQ)امر تغيير رقم-4).pdf,04_04_12_24_VO_REHQ)امر تغيير رقم-4).pdf,.pdf,31887258,2026-05-04T06:47:07,change_order,pdf,ar
03_VO/05_01_06_25_VO_REHQ(امر تغيير رقم-5).pdf,05_01_06_25_VO_REHQ(امر تغيير رقم-5).pdf,.pdf,964171,2026-05-04T06:47:07,change_order,pdf,ar
03_VO/2023-MOMRA-0018 - S   جداول الكميات المحدثة (المناقلة رقم 1 ).pdf,2023-MOMRA-0018 - S   جداول الكميات المحدثة (المناقلة رقم 1 ).pdf,.pdf,51088867,2026-05-04T06:47:07,change_order,pdf,ar
03_VO/2023-MOMRA-0072-S  الأوامر التغيرية.pdf,2023-MOMRA-0072-S  الأوامر التغيرية.pdf,.pdf,140712439,2026-05-04T06:47:08,change_order,pdf,ar
03_VO/2023-MOMRA-0073-S  طلب اعتماد البنود المستحدثة.pdf,2023-MOMRA-0073-S  طلب اعتماد البنود المستحدثة.pdf,.pdf,143038479,2026-05-04T06:47:09,change_order,pdf,ar
03_VO/2023-MOMRA-0121- S  طلب اعتماد البنود المستحدثة.pdf,2023-MOMRA-0121- S  طلب اعتماد البنود المستحدثة.pdf,.pdf,21697441,2026-05-04T06:47:09,change_order,pdf,ar
03_VO/OVs/01_05_03_24_VO_REHQ.pdf,01_05_03_24_VO_REHQ.pdf,.pdf,1607624,2026-05-04T06:47:09,change_order,pdf,en
03_VO/OVs/02_29_07_24_VO_REHQ.pdf,02_29_07_24_VO_REHQ.pdf,.pdf,6041000,2026-05-04T06:47:09,change_order,pdf,en
03_VO/OVs/03_02_09_24_VO_REHQ.pdf,03_02_09_24_VO_REHQ.pdf,.pdf,8433473,2026-05-04T06:47:09,change_order,pdf,en
03_VO/OVs/04_04_12_24_VO_REHQ.pdf,04_04_12_24_VO_REHQ.pdf,.pdf,31887258,2026-05-04T06:47:09,change_order,pdf,en
03_VO/OVs/05_01_06_25_VO_REHQ.pdf,05_01_06_25_VO_REHQ.pdf,.pdf,964171,2026-05-04T06:47:10,change_order,pdf,en
03_VO/README.md,README.md,.md,890,2026-05-04T06:47:09,change_order,markdown,en
06_CERTIFICATES/README.md,README.md,.md,869,2026-05-04T06:47:13,completion_certificate,markdown,en
06_CERTIFICATES/شهادة انجاز-1.pdf,شهادة انجاز-1.pdf,.pdf,6314816,2026-05-04T06:47:13,completion_certificate,pdf,ar
06_CERTIFICATES/شهادة انجاز-10.pdf,شهادة انجاز-10.pdf,.pdf,1574576,2026-05-04T06:47:13,completion_certificate,pdf,ar
06_CERTIFICATES/شهادة انجاز-11.pdf,شهادة انجاز-11.pdf,.pdf,13472929,2026-05-04T06:47:13,completion_certificate,pdf,ar
06_CERTIFICATES/شهادة انجاز-12.pdf,شهادة انجاز-12.pdf,.pdf,1319351,2026-05-04T06:47:13,completion_certificate,pdf,ar
06_CERTIFICATES/شهادة انجاز-13.pdf,شهادة انجاز-13.pdf,.pdf,9111002,2026-05-04T06:47:14,completion_certificate,pdf,ar
06_CERTIFICATES/شهادة انجاز-14.pdf,شهادة انجاز-14.pdf,.pdf,20858024,2026-05-04T06:47:14,completion_certificate,pdf,ar
06_CERTIFICATES/شهادة انجاز-15.pdf,شهادة انجاز-15.pdf,.pdf,11573124,2026-05-04T06:47:14,completion_certificate,pdf,ar
06_CERTIFICATES/شهادة انجاز-16.pdf,شهادة انجاز-16.pdf,.pdf,15374731,2026-05-04T06:47:14,completion_certificate,pdf,ar
06_CERTIFICATES/شهادة انجاز-17.pdf,شهادة انجاز-17.pdf,.pdf,6000538,2026-05-04T06:47:14,completion_certificate,pdf,ar
06_CERTIFICATES/شهادة انجاز-18.pdf,شهادة انجاز-18.pdf,.pdf,8544152,2026-05-04T06:47:14,completion_certificate,pdf,ar
06_CERTIFICATES/شهادة انجاز-19.pdf,شهادة انجاز-19.pdf,.pdf,26497876,2026-05-04T06:47:14,completion_certificate,pdf,ar
06_CERTIFICATES/شهادة انجاز-2.pdf,شهادة انجاز-2.pdf,.pdf,6545112,2026-05-04T06:47:13,completion_certificate,pdf,ar
06_CERTIFICATES/شهادة انجاز-20.pdf,شهادة انجاز-20.pdf,.pdf,30296115,2026-05-04T06:47:14,completion_certificate,pdf,ar
06_CERTIFICATES/شهادة انجاز-21.pdf,شهادة انجاز-21.pdf,.pdf,20897440,2026-05-04T06:47:15,completion_certificate,pdf,ar
06_CERTIFICATES/شهادة انجاز-3.pdf,شهادة انجاز-3.pdf,.pdf,6831256,2026-05-04T06:47:13,completion_certificate,pdf,ar
06_CERTIFICATES/شهادة انجاز-4.pdf,شهادة انجاز-4.pdf,.pdf,4385492,2026-05-04T06:47:13,completion_certificate,pdf,ar
06_CERTIFICATES/شهادة انجاز-5.pdf,شهادة انجاز-5.pdf,.pdf,5811126,2026-05-04T06:47:13,completion_certificate,pdf,ar
06_CERTIFICATES/شهادة انجاز-6.pdf,شهادة انجاز-6.pdf,.pdf,914869,2026-05-04T06:47:13,completion_certificate,pdf,ar
06_CERTIFICATES/شهادة انجاز-7.pdf,شهادة انجاز-7.pdf,.pdf,1102375,2026-05-04T06:47:13,completion_certificate,pdf,ar
06_CERTIFICATES/شهادة انجاز-8.pdf,شهادة انجاز-8.pdf,.pdf,664015,2026-05-04T06:47:13,completion_certificate,pdf,ar
06_CERTIFICATES/شهادة انجاز-9.pdf,شهادة انجاز-9.pdf,.pdf,8762663,2026-05-04T06:47:13,completion_certificate,pdf,ar
01_CONTRACT/README.md,README.md,.md,645,2026-05-04T06:47:04,contract_master,markdown,en
01_CONTRACT/العقد.pdf,العقد.pdf,.pdf,1595251,2026-05-04T06:47:04,contract_master,pdf,ar
01_CONTRACT/اللائحة التنفيذية لنظام المنافسات والمشتريات الحكومية المعدلة لعام 1441ه.pdf,اللائحة التنفيذية لنظام المنافسات والمشتريات الحكومية المعدلة لعام 1441ه.pdf,.pdf,10461396,2026-05-04T06:47:04,contract_master,pdf,ar
01_CONTRACT/المواصفات الفنية.pdf,المواصفات الفنية.pdf,.pdf,11840260,2026-05-04T06:47:05,contract_master,pdf,ar
01_CONTRACT/عقد المشروع.pdf,عقد المشروع.pdf,.pdf,25615359,2026-05-04T06:47:05,contract_master,pdf,ar
01_CONTRACT/كراسة الشروط والمواصفات.pdf,كراسة الشروط والمواصفات.pdf,.pdf,1623066,2026-05-04T06:47:05,contract_master,pdf,ar
07_CORRESPONDENCE/README.md,README.md,.md,886,2026-05-04T06:47:15,correspondence,markdown,en
_ETL/.env.example,.env.example,.example,481,2026-04-26T12:46:46,etl_toolkit,config,en
_ETL/.gitignore,.gitignore,,77,2026-04-26T12:46:46,etl_toolkit,config,en
_ETL/README.md,README.md,.md,4209,2026-04-26T12:46:46,etl_toolkit,markdown,en
_ETL/config.py,config.py,.py,2285,2026-04-26T12:43:14,etl_toolkit,python,en
_ETL/logs/.gitkeep,.gitkeep,,0,2026-04-26T12:46:46,etl_toolkit,placeholder,en
_ETL/logs/migrate_20260426_124531.json,migrate_20260426_124531.json,.json,247,2026-04-26T12:45:31,etl_toolkit,json,en
_ETL/migrate.py,migrate.py,.py,16919,2026-04-26T12:45:30,etl_toolkit,python,en
_ETL/reconcile.py,reconcile.py,.py,5486,2026-04-26T12:46:06,etl_toolkit,python,en
_ETL/requirements.txt,requirements.txt,.txt,53,2026-04-26T12:43:19,etl_toolkit,text,en
_ETL/validate.py,validate.py,.py,10566,2026-04-26T12:44:13,etl_toolkit,python,en
_ETL/validate_attachments.py,validate_attachments.py,.py,8297,2026-04-26T12:42:45,etl_toolkit,python,en
04_PAYMENTS/README.md,README.md,.md,1160,2026-05-04T06:47:10,financial_claim,markdown,en
04_PAYMENTS/المستخلص 01.pdf,المستخلص 01.pdf,.pdf,6283697,2026-05-04T06:47:10,financial_claim,pdf,ar
04_PAYMENTS/المستخلص 02.pdf,المستخلص 02.pdf,.pdf,6518573,2026-05-04T06:47:10,financial_claim,pdf,ar
04_PAYMENTS/المستخلص 03.pdf,المستخلص 03.pdf,.pdf,6808603,2026-05-04T06:47:10,financial_claim,pdf,ar
04_PAYMENTS/المستخلص 04.pdf,المستخلص 04.pdf,.pdf,4355934,2026-05-04T06:47:10,financial_claim,pdf,ar
04_PAYMENTS/المستخلص 05.pdf,المستخلص 05.pdf,.pdf,5788523,2026-05-04T06:47:10,financial_claim,pdf,ar
04_PAYMENTS/المستخلص 06.pdf,المستخلص 06.pdf,.pdf,882675,2026-05-04T06:47:10,financial_claim,pdf,ar
04_PAYMENTS/المستخلص 07.pdf,المستخلص 07.pdf,.pdf,1073848,2026-05-04T06:47:10,financial_claim,pdf,ar
04_PAYMENTS/المستخلص 08.pdf,المستخلص 08.pdf,.pdf,636129,2026-05-04T06:47:10,financial_claim,pdf,ar
04_PAYMENTS/المستخلص 09.pdf,المستخلص 09.pdf,.pdf,8725691,2026-05-04T06:47:10,financial_claim,pdf,ar
04_PAYMENTS/المستخلص 10.pdf,المستخلص 10.pdf,.pdf,1537637,2026-05-04T06:47:10,financial_claim,pdf,ar
04_PAYMENTS/المستخلص 11.pdf,المستخلص 11.pdf,.pdf,13438836,2026-05-04T06:47:10,financial_claim,pdf,ar
04_PAYMENTS/المستخلص 12.pdf,المستخلص 12.pdf,.pdf,1282813,2026-05-04T06:47:10,financial_claim,pdf,ar
04_PAYMENTS/المستخلص 13.pdf,المستخلص 13.pdf,.pdf,9079005,2026-05-04T06:47:10,financial_claim,pdf,ar
04_PAYMENTS/المستخلص 14.pdf,المستخلص 14.pdf,.pdf,20789441,2026-05-04T06:47:10,financial_claim,pdf,ar
04_PAYMENTS/المستخلص 15.pdf,المستخلص 15.pdf,.pdf,11553636,2026-05-04T06:47:10,financial_claim,pdf,ar
04_PAYMENTS/المستخلص 16.pdf,المستخلص 16.pdf,.pdf,15325634,2026-05-04T06:47:11,financial_claim,pdf,ar
04_PAYMENTS/المستخلص 17.pdf,المستخلص 17.pdf,.pdf,5983813,2026-05-04T06:47:11,financial_claim,pdf,ar
04_PAYMENTS/المستخلص 18.pdf,المستخلص 18.pdf,.pdf,8477788,2026-05-04T06:47:11,financial_claim,pdf,ar
04_PAYMENTS/المستخلص 19.pdf,المستخلص 19.pdf,.pdf,26463133,2026-05-04T06:47:11,financial_claim,pdf,ar
04_PAYMENTS/المستخلص 20.pdf,المستخلص 20.pdf,.pdf,30255875,2026-05-04T06:47:11,financial_claim,pdf,ar
04_PAYMENTS/المستخلص الختامي 21.pdf,المستخلص الختامي 21.pdf,.pdf,20854950,2026-05-04T06:47:11,financial_claim,pdf,ar
CMH_01_SMART.xlsx,CMH_01_SMART.xlsx,.xlsx,838014,2026-05-04T06:47:27,project_metadata,xlsx,en
README.md,README.md,.md,2931,2026-04-26T11:34:46,project_metadata,markdown,en
09_REPORTS_OUT/README.md,README.md,.md,833,2026-05-04T06:47:15,report_out,markdown,en
09_REPORTS_OUT/تقارير الاستشاري/Monthly/1-2025 مؤشرات الأداء.pdf,1-2025 مؤشرات الأداء.pdf,.pdf,722568,2026-05-04T06:47:15,report_out,pdf,ar
09_REPORTS_OUT/تقارير الاستشاري/Monthly/1-2025 مؤشرات الأداء.pptx,1-2025 مؤشرات الأداء.pptx,.pptx,933796,2026-05-04T06:47:15,report_out,unknown,ar
09_REPORTS_OUT/تقارير الاستشاري/Monthly/10-2025 مؤشرات الأداء.pdf,10-2025 مؤشرات الأداء.pdf,.pdf,721652,2026-05-04T06:47:15,report_out,pdf,ar
09_REPORTS_OUT/تقارير الاستشاري/Monthly/10-2025 مؤشرات الأداء.pptx,10-2025 مؤشرات الأداء.pptx,.pptx,933345,2026-05-04T06:47:15,report_out,unknown,ar
09_REPORTS_OUT/تقارير الاستشاري/Monthly/11-2025 مؤشرات الأداء.pdf,11-2025 مؤشرات الأداء.pdf,.pdf,717144,2026-05-04T06:47:15,report_out,pdf,ar
09_REPORTS_OUT/تقارير الاستشاري/Monthly/11-2025 مؤشرات الأداء.pptx,11-2025 مؤشرات الأداء.pptx,.pptx,933400,2026-05-04T06:47:15,report_out,unknown,ar
09_REPORTS_OUT/تقارير الاستشاري/Monthly/12-2025 مؤشرات الأداء.pdf,12-2025 مؤشرات الأداء.pdf,.pdf,715522,2026-05-04T06:47:15,report_out,pdf,ar
09_REPORTS_OUT/تقارير الاستشاري/Monthly/12-2025 مؤشرات الأداء.pptx,12-2025 مؤشرات الأداء.pptx,.pptx,933660,2026-05-04T06:47:15,report_out,unknown,ar
09_REPORTS_OUT/تقارير الاستشاري/Monthly/2-2025 مؤشرات الأداء.pdf,2-2025 مؤشرات الأداء.pdf,.pdf,722487,2026-05-04T06:47:15,report_out,pdf,ar
09_REPORTS_OUT/تقارير الاستشاري/Monthly/2-2025 مؤشرات الأداء.pptx,2-2025 مؤشرات الأداء.pptx,.pptx,933778,2026-05-04T06:47:15,report_out,unknown,ar
09_REPORTS_OUT/تقارير الاستشاري/Monthly/2024/10-2024 مؤشرات الأداء.pdf,10-2024 مؤشرات الأداء.pdf,.pdf,715629,2026-05-04T06:47:16,report_out,pdf,ar
09_REPORTS_OUT/تقارير الاستشاري/Monthly/2024/10-2024 مؤشرات الأداء.pptx,10-2024 مؤشرات الأداء.pptx,.pptx,933698,2026-05-04T06:47:16,report_out,unknown,ar
09_REPORTS_OUT/تقارير الاستشاري/Monthly/2024/11-2024 مؤشرات الأداء.pdf,11-2024 مؤشرات الأداء.pdf,.pdf,719332,2026-05-04T06:47:16,report_out,pdf,ar
09_REPORTS_OUT/تقارير الاستشاري/Monthly/2024/11-2024 مؤشرات الأداء.pptx,11-2024 مؤشرات الأداء.pptx,.pptx,932939,2026-05-04T06:47:16,report_out,unknown,ar
09_REPORTS_OUT/تقارير الاستشاري/Monthly/2024/12-2024 مؤشرات الأداء.pdf,12-2024 مؤشرات الأداء.pdf,.pdf,721297,2026-05-04T06:47:16,report_out,pdf,ar
09_REPORTS_OUT/تقارير الاستشاري/Monthly/2024/12-2024 مؤشرات الأداء.pptx,12-2024 مؤشرات الأداء.pptx,.pptx,933724,2026-05-04T06:47:16,report_out,unknown,ar
09_REPORTS_OUT/تقارير الاستشاري/Monthly/2024/3-2024 مؤشرات الأداء.pdf,3-2024 مؤشرات الأداء.pdf,.pdf,714502,2026-05-04T06:47:15,report_out,pdf,ar
09_REPORTS_OUT/تقارير الاستشاري/Monthly/2024/3-2024 مؤشرات الأداء.pptx,3-2024 مؤشرات الأداء.pptx,.pptx,932590,2026-05-04T06:47:15,report_out,unknown,ar
09_REPORTS_OUT/تقارير الاستشاري/Monthly/2024/4-2024 مؤشرات الأداء.pdf,4-2024 مؤشرات الأداء.pdf,.pdf,714764,2026-05-04T06:47:16,report_out,pdf,ar
09_REPORTS_OUT/تقارير الاستشاري/Monthly/2024/4-2024 مؤشرات الأداء.pptx,4-2024 مؤشرات الأداء.pptx,.pptx,933502,2026-05-04T06:47:16,report_out,unknown,ar
09_REPORTS_OUT/تقارير الاستشاري/Monthly/2024/6-2024 مؤشرات الأداء.pdf,6-2024 مؤشرات الأداء.pdf,.pdf,712258,2026-05-04T06:47:16,report_out,pdf,ar
09_REPORTS_OUT/تقارير الاستشاري/Monthly/2024/6-2024 مؤشرات الأداء.pptx,6-2024 مؤشرات الأداء.pptx,.pptx,933499,2026-05-04T06:47:16,report_out,unknown,ar
09_REPORTS_OUT/تقارير الاستشاري/Monthly/2024/7-2024 مؤشرات الأداء.pdf,7-2024 مؤشرات الأداء.pdf,.pdf,716421,2026-05-04T06:47:16,report_out,pdf,ar
09_REPORTS_OUT/تقارير الاستشاري/Monthly/2024/7-2024 مؤشرات الأداء.pptx,7-2024 مؤشرات الأداء.pptx,.pptx,932831,2026-05-04T06:47:16,report_out,unknown,ar
09_REPORTS_OUT/تقارير الاستشاري/Monthly/2024/8-2024 مؤشرات الأداء.pdf,8-2024 مؤشرات الأداء.pdf,.pdf,717612,2026-05-04T06:47:16,report_out,pdf,ar
09_REPORTS_OUT/تقارير الاستشاري/Monthly/2024/8-2024 مؤشرات الأداء.pptx,8-2024 مؤشرات الأداء.pptx,.pptx,932889,2026-05-04T06:47:16,report_out,unknown,ar
09_REPORTS_OUT/تقارير الاستشاري/Monthly/2024/9-2024 مؤشرات الأداء.pdf,9-2024 مؤشرات الأداء.pdf,.pdf,715630,2026-05-04T06:47:16,report_out,pdf,ar
09_REPORTS_OUT/تقارير الاستشاري/Monthly/2024/9-2024 مؤشرات الأداء.pptx,9-2024 مؤشرات الأداء.pptx,.pptx,933840,2026-05-04T06:47:16,report_out,unknown,ar
09_REPORTS_OUT/تقارير الاستشاري/Monthly/4-2025 مؤشرات الأداء.pdf,4-2025 مؤشرات الأداء.pdf,.pdf,725656,2026-05-04T06:47:15,report_out,pdf,ar
09_REPORTS_OUT/تقارير الاستشاري/Monthly/4-2025 مؤشرات الأداء.pptx,4-2025 مؤشرات الأداء.pptx,.pptx,933320,2026-05-04T06:47:15,report_out,unknown,ar
09_REPORTS_OUT/تقارير الاستشاري/Monthly/7-2025 مؤشرات الأداء.pdf,7-2025 مؤشرات الأداء.pdf,.pdf,721902,2026-05-04T06:47:15,report_out,pdf,ar
09_REPORTS_OUT/تقارير الاستشاري/Monthly/7-2025 مؤشرات الأداء.pptx,7-2025 مؤشرات الأداء.pptx,.pptx,932564,2026-05-04T06:47:15,report_out,unknown,ar
09_REPORTS_OUT/تقارير الاستشاري/Monthly/8-2025 مؤشرات الأداء.pdf,8-2025 مؤشرات الأداء.pdf,.pdf,722760,2026-05-04T06:47:15,report_out,pdf,ar
09_REPORTS_OUT/تقارير الاستشاري/Monthly/8-2025 مؤشرات الأداء.pptx,8-2025 مؤشرات الأداء.pptx,.pptx,933308,2026-05-04T06:47:15,report_out,unknown,ar
09_REPORTS_OUT/تقارير الاستشاري/Monthly/9-2025 مؤشرات الأداء.pdf,9-2025 مؤشرات الأداء.pdf,.pdf,723353,2026-05-04T06:47:15,report_out,pdf,ar
09_REPORTS_OUT/تقارير الاستشاري/Monthly/9-2025 مؤشرات الأداء.pptx,9-2025 مؤشرات الأداء.pptx,.pptx,933524,2026-05-04T06:47:15,report_out,unknown,ar
09_REPORTS_OUT/تقارير الاستشاري/Monthly/Thumbs.db,Thumbs.db,.db,26112,2026-05-04T06:47:15,report_out,unknown,en
09_REPORTS_OUT/تقارير الاستشاري/Monthly/~$11-2024 مؤشرات الأداء.pptx,~$11-2024 مؤشرات الأداء.pptx,.pptx,165,2026-05-04T06:47:15,report_out,unknown,ar
09_REPORTS_OUT/تقارير الاستشاري/Thumbs.db,Thumbs.db,.db,17408,2026-05-04T06:47:15,report_out,unknown,en
09_REPORTS_OUT/تقارير الاستشاري/Weekly Reports/01-2024/10 - Weekly Status Report 27 Jan-1 Feb 2024.docx,10 - Weekly Status Report 27 Jan-1 Feb 2024.docx,.docx,143145,2026-05-04T06:47:16,report_out,docx,en
09_REPORTS_OUT/تقارير الاستشاري/Weekly Reports/01-2024/10 - Weekly Status Report 27 Jan-1 Feb 2024.pdf,10 - Weekly Status Report 27 Jan-1 Feb 2024.pdf,.pdf,274268,2026-05-04T06:47:16,report_out,pdf,en
09_REPORTS_OUT/تقارير الاستشاري/Weekly Reports/01-2024/6 - Weekly Status Report 30 Dec - 04 Jan-2024.docx,6 - Weekly Status Report 30 Dec - 04 Jan-2024.docx,.docx,147392,2026-05-04T06:47:16,report_out,docx,en
09_REPORTS_OUT/تقارير الاستشاري/Weekly Reports/01-2024/6 - Weekly Status Report 30 Dec - 04 Jan-2024.pdf,6 - Weekly Status Report 30 Dec - 04 Jan-2024.pdf,.pdf,292975,2026-05-04T06:47:16,report_out,pdf,en
09_REPORTS_OUT/تقارير الاستشاري/Weekly Reports/01-2024/7 - Weekly Status Report 06-11 Jan-2024.docx,7 - Weekly Status Report 06-11 Jan-2024.docx,.docx,147467,2026-05-04T06:47:16,report_out,docx,en
09_REPORTS_OUT/تقارير الاستشاري/Weekly Reports/01-2024/7 - Weekly Status Report 06-11 Jan-2024.pdf,7 - Weekly Status Report 06-11 Jan-2024.pdf,.pdf,290415,2026-05-04T06:47:16,report_out,pdf,en
09_REPORTS_OUT/تقارير الاستشاري/Weekly Reports/01-2024/8 - Weekly Status Report 013-18 Jan-2024.docx,8 - Weekly Status Report 013-18 Jan-2024.docx,.docx,147613,2026-05-04T06:47:16,report_out,docx,en
09_REPORTS_OUT/تقارير الاستشاري/Weekly Reports/01-2024/8 - Weekly Status Report 013-18 Jan-2024.pdf,8 - Weekly Status Report 013-18 Jan-2024.pdf,.pdf,290954,2026-05-04T06:47:16,report_out,pdf,en
09_REPORTS_OUT/تقارير الاستشاري/Weekly Reports/01-2024/8 - Weekly Status Report 20-25 Jan-2024.docx,8 - Weekly Status Report 20-25 Jan-2024.docx,.docx,147779,2026-05-04T06:47:16,report_out,docx,en
09_REPORTS_OUT/تقارير الاستشاري/Weekly Reports/01-2024/9 - Weekly Status Report 20-25 Jan-2024.docx,9 - Weekly Status Report 20-25 Jan-2024.docx,.docx,145873,2026-05-04T06:47:16,report_out,docx,en
09_REPORTS_OUT/تقارير الاستشاري/Weekly Reports/01-2024/9 - Weekly Status Report 20-25 Jan-2024.pdf,9 - Weekly Status Report 20-25 Jan-2024.pdf,.pdf,275397,2026-05-04T06:47:16,report_out,pdf,en
09_REPORTS_OUT/تقارير الاستشاري/Weekly Reports/02-2024/11 - Weekly Status Report 03 - 08 Feb 2024.docx,11 - Weekly Status Report 03 - 08 Feb 2024.docx,.docx,143812,2026-05-04T06:47:16,report_out,docx,en
09_REPORTS_OUT/تقارير الاستشاري/Weekly Reports/02-2024/11 - Weekly Status Report 03 - 08 Feb 2024.pdf,11 - Weekly Status Report 03 - 08 Feb 2024.pdf,.pdf,278277,2026-05-04T06:47:16,report_out,pdf,en
09_REPORTS_OUT/تقارير الاستشاري/Weekly Reports/02-2024/12 - Weekly Status Report 10 - 15 Feb 2024.docx,12 - Weekly Status Report 10 - 15 Feb 2024.docx,.docx,142877,2026-05-04T06:47:16,report_out,docx,en
09_REPORTS_OUT/تقارير الاستشاري/Weekly Reports/02-2024/12 - Weekly Status Report 10 - 15 Feb 2024.pdf,12 - Weekly Status Report 10 - 15 Feb 2024.pdf,.pdf,276444,2026-05-04T06:47:16,report_out,pdf,en
09_REPORTS_OUT/تقارير الاستشاري/Weekly Reports/02-2024/13 - Weekly Status Report 17 - 21 Feb 2024.docx,13 - Weekly Status Report 17 - 21 Feb 2024.docx,.docx,143864,2026-05-04T06:47:16,report_out,docx,en
09_REPORTS_OUT/تقارير الاستشاري/Weekly Reports/02-2024/13 - Weekly Status Report 17 - 21 Feb 2024.pdf,13 - Weekly Status Report 17 - 21 Feb 2024.pdf,.pdf,279595,2026-05-04T06:47:16,report_out,pdf,en
09_REPORTS_OUT/تقارير الاستشاري/Weekly Reports/02-2024/14 - Weekly Status Report 24 - 29 Feb 2024.docx,14 - Weekly Status Report 24 - 29 Feb 2024.docx,.docx,144315,2026-05-04T06:47:16,report_out,docx,en
09_REPORTS_OUT/تقارير الاستشاري/Weekly Reports/02-2024/14 - Weekly Status Report 24 - 29 Feb 2024.pdf,14 - Weekly Status Report 24 - 29 Feb 2024.pdf,.pdf,280073,2026-05-04T06:47:16,report_out,pdf,en
09_REPORTS_OUT/تقارير الاستشاري/Weekly Reports/03-2024/15 - Weekly Status Report 02 - 07 March 2024.docx,15 - Weekly Status Report 02 - 07 March 2024.docx,.docx,146129,2026-05-04T06:47:17,report_out,docx,en
09_REPORTS_OUT/تقارير الاستشاري/Weekly Reports/03-2024/15 - Weekly Status Report 02 - 07 March 2024.pdf,15 - Weekly Status Report 02 - 07 March 2024.pdf,.pdf,292360,2026-05-04T06:47:17,report_out,pdf,en
09_REPORTS_OUT/تقارير الاستشاري/Weekly Reports/03-2024/16 - Weekly Status Report 09 - 14 March 2024.docx,16 - Weekly Status Report 09 - 14 March 2024.docx,.docx,148669,2026-05-04T06:47:17,report_out,docx,en
09_REPORTS_OUT/تقارير الاستشاري/Weekly Reports/03-2024/16 - Weekly Status Report 09 - 14 March 2024.pdf,16 - Weekly Status Report 09 - 14 March 2024.pdf,.pdf,288953,2026-05-04T06:47:17,report_out,pdf,en
09_REPORTS_OUT/تقارير الاستشاري/Weekly Reports/03-2024/17 - Weekly Status Report 16 - 21 March 2024.docx,17 - Weekly Status Report 16 - 21 March 2024.docx,.docx,147079,2026-05-04T06:47:17,report_out,docx,en
09_REPORTS_OUT/تقارير الاستشاري/Weekly Reports/03-2024/17 - Weekly Status Report 16 - 21 March 2024.pdf,17 - Weekly Status Report 16 - 21 March 2024.pdf,.pdf,307539,2026-05-04T06:47:17,report_out,pdf,en
09_REPORTS_OUT/تقارير الاستشاري/Weekly Reports/03-2024/18 - Weekly Status Report 23 - 28 March 2024.docx,18 - Weekly Status Report 23 - 28 March 2024.docx,.docx,147227,2026-05-04T06:47:17,report_out,docx,en
09_REPORTS_OUT/تقارير الاستشاري/Weekly Reports/03-2024/18 - Weekly Status Report 23 - 28 March 2024.pdf,18 - Weekly Status Report 23 - 28 March 2024.pdf,.pdf,305350,2026-05-04T06:47:17,report_out,pdf,en
09_REPORTS_OUT/تقارير الاستشاري/Weekly Reports/03-2024/_Architectural_Updated_Weekly_Status_Report_31-3-2024to5-4-2024.docx,_Architectural_Updated_Weekly_Status_Report_31-3-2024to5-4-2024.docx,.docx,142250,2026-05-04T06:47:16,report_out,docx,en
09_REPORTS_OUT/تقارير الاستشاري/Weekly Reports/03-2024/_Architectural_Updated_Weekly_Status_Report_From_23-3-2024;28-3-2024.docx,_Architectural_Updated_Weekly_Status_Report_From_23-3-2024;28-3-2024.docx,.docx,144389,2026-05-04T06:47:16,report_out,docx,en
09_REPORTS_OUT/تقارير الاستشاري/Weekly Reports/04-2024/19 - Weekly Status Report 30 March - 04 April 2024.docx,19 - Weekly Status Report 30 March - 04 April 2024.docx,.docx,146460,2026-05-04T06:47:17,report_out,docx,en
09_REPORTS_OUT/تقارير الاستشاري/Weekly Reports/04-2024/19 - Weekly Status Report 30 March - 04 April 2024.pdf,19 - Weekly Status Report 30 March - 04 April 2024.pdf,.pdf,292982,2026-05-04T06:47:17,report_out,pdf,en
09_REPORTS_OUT/تقارير الاستشاري/Weekly Reports/04-2024/20 - Weekly Status Report 13 - 18 April 2024.docx,20 - Weekly Status Report 13 - 18 April 2024.docx,.docx,148422,2026-05-04T06:47:17,report_out,docx,en
09_REPORTS_OUT/تقارير الاستشاري/Weekly Reports/04-2024/20 - Weekly Status Report 13 - 18 April 2024.pdf,20 - Weekly Status Report 13 - 18 April 2024.pdf,.pdf,312617,2026-05-04T06:47:17,report_out,pdf,en
09_REPORTS_OUT/تقارير الاستشاري/Weekly Reports/12-2023/2- Weekly Status Report 2-7 Dec-2023.docx,2- Weekly Status Report 2-7 Dec-2023.docx,.docx,644474,2026-05-04T06:47:17,report_out,docx,en
09_REPORTS_OUT/تقارير الاستشاري/Weekly Reports/12-2023/3- Weekly Status Report 9-14 Dec-2023.docx,3- Weekly Status Report 9-14 Dec-2023.docx,.docx,122375,2026-05-04T06:47:17,report_out,docx,en
09_REPORTS_OUT/تقارير الاستشاري/Weekly Reports/12-2023/4 - Weekly Status Report 16-21 Dec-2023.docx,4 - Weekly Status Report 16-21 Dec-2023.docx,.docx,148068,2026-05-04T06:47:17,report_out,docx,en
09_REPORTS_OUT/تقارير الاستشاري/Weekly Reports/12-2023/4 - Weekly Status Report 16-21 Dec-2023.pdf,4 - Weekly Status Report 16-21 Dec-2023.pdf,.pdf,279864,2026-05-04T06:47:17,report_out,pdf,en
09_REPORTS_OUT/تقارير الاستشاري/Weekly Reports/12-2023/5 - Weekly Status Report 23-28 Dec-2023.docx,5 - Weekly Status Report 23-28 Dec-2023.docx,.docx,147337,2026-05-04T06:47:17,report_out,docx,en
09_REPORTS_OUT/تقارير الاستشاري/Weekly Reports/12-2023/5 - Weekly Status Report 23-28 Dec-2023.pdf,5 - Weekly Status Report 23-28 Dec-2023.pdf,.pdf,295047,2026-05-04T06:47:17,report_out,pdf,en
09_REPORTS_OUT/تقارير الاستشاري/Weekly Reports/6-2024/27 مؤشرات الأداء.pdf,27 مؤشرات الأداء.pdf,.pdf,712254,2026-05-04T06:47:17,report_out,pdf,ar
09_REPORTS_OUT/تقارير الاستشاري/Weekly Reports/6-2024/27 مؤشرات الأداء.pptx,27 مؤشرات الأداء.pptx,.pptx,933408,2026-05-04T06:47:17,report_out,unknown,ar
09_REPORTS_OUT/تقارير الاستشاري/Weekly Reports/6-2024/27- Weekly Status Report 22 - 27 JUNE  2024.docx,27- Weekly Status Report 22 - 27 JUNE  2024.docx,.docx,153292,2026-05-04T06:47:17,report_out,docx,en
09_REPORTS_OUT/تقارير الاستشاري/Weekly Reports/6-2024/27- Weekly Status Report 22 - 27 JUNE  2024.pdf,27- Weekly Status Report 22 - 27 JUNE  2024.pdf,.pdf,352924,2026-05-04T06:47:17,report_out,pdf,en
09_REPORTS_OUT/تقارير الاستشاري/Weekly Reports/تقرير 19/19 - Weekly Status Report 30 March - 04 April 2024.docx,19 - Weekly Status Report 30 March - 04 April 2024.docx,.docx,146460,2026-05-04T06:47:17,report_out,docx,en
09_REPORTS_OUT/تقارير الاستشاري/Weekly Reports/تقرير 19/19 - Weekly Status Report 30 March - 04 April 2024.pdf,19 - Weekly Status Report 30 March - 04 April 2024.pdf,.pdf,292982,2026-05-04T06:47:17,report_out,pdf,en
09_REPORTS_OUT/تقارير الاستشاري/Weekly Reports/تقرير 20/20 - Weekly Status Report 13 - 18 April 2024.docx,20 - Weekly Status Report 13 - 18 April 2024.docx,.docx,148422,2026-05-04T06:47:17,report_out,docx,en
09_REPORTS_OUT/تقارير الاستشاري/Weekly Reports/تقرير 20/20 - Weekly Status Report 13 - 18 April 2024.pdf,20 - Weekly Status Report 13 - 18 April 2024.pdf,.pdf,312617,2026-05-04T06:47:17,report_out,pdf,en
09_REPORTS_OUT/تقارير الاستشاري/Weekly Reports/تقرير 21/21 - Weekly Status Report 20 - 25 April 2024.docx,21 - Weekly Status Report 20 - 25 April 2024.docx,.docx,149824,2026-05-04T06:47:17,report_out,docx,en
09_REPORTS_OUT/تقارير الاستشاري/Weekly Reports/تقرير 21/21 - Weekly Status Report 20 - 25 April 2024.pdf,21 - Weekly Status Report 20 - 25 April 2024.pdf,.pdf,322381,2026-05-04T06:47:17,report_out,pdf,en
09_REPORTS_OUT/تقارير الاستشاري/Weekly Reports/تقرير 22/22 - Weekly Status Report 27 April - 02 May 2024.docx,22 - Weekly Status Report 27 April - 02 May 2024.docx,.docx,150412,2026-05-04T06:47:17,report_out,docx,en
09_REPORTS_OUT/تقارير الاستشاري/Weekly Reports/تقرير 22/22 - Weekly Status Report 27 April - 02 May 2024.pdf,22 - Weekly Status Report 27 April - 02 May 2024.pdf,.pdf,324170,2026-05-04T06:47:17,report_out,pdf,en
09_REPORTS_OUT/تقارير الاستشاري/Weekly Reports/تقرير 23/23 - Weekly Status Report  03 May- 09 May  2024.docx,23 - Weekly Status Report  03 May- 09 May  2024.docx,.docx,150867,2026-05-04T06:47:17,report_out,docx,en
09_REPORTS_OUT/تقارير الاستشاري/Weekly Reports/تقرير 23/23 - Weekly Status Report  03 May- 09 May  2024.pdf,23 - Weekly Status Report  03 May- 09 May  2024.pdf,.pdf,326648,2026-05-04T06:47:17,report_out,pdf,en
09_REPORTS_OUT/تقارير الاستشاري/Weekly Reports/تقرير 24/24 - Weekly Status Report  11 May- 16 May  2024.docx,24 - Weekly Status Report  11 May- 16 May  2024.docx,.docx,150640,2026-05-04T06:47:17,report_out,docx,en
09_REPORTS_OUT/تقارير الاستشاري/Weekly Reports/تقرير 24/24 - Weekly Status Report  11 May- 16 May  2024.pdf,24 - Weekly Status Report  11 May- 16 May  2024.pdf,.pdf,325684,2026-05-04T06:47:17,report_out,pdf,en
09_REPORTS_OUT/تقارير الاستشاري/Weekly Reports/تقرير 25/25- Weekly Status Report  18 May- 23 May  2024.docx,25- Weekly Status Report  18 May- 23 May  2024.docx,.docx,149038,2026-05-04T06:47:17,report_out,docx,en
09_REPORTS_OUT/تقارير الاستشاري/Weekly Reports/تقرير 25/25- Weekly Status Report  18 May- 23 May  2024.pdf,25- Weekly Status Report  18 May- 23 May  2024.pdf,.pdf,317375,2026-05-04T06:47:18,report_out,pdf,en
09_REPORTS_OUT/تقارير الاستشاري/Weekly Reports/تقرير 26/26- Weekly Status Report 23 May- 30 May  2024.docx,26- Weekly Status Report 23 May- 30 May  2024.docx,.docx,146663,2026-05-04T06:47:18,report_out,docx,en
09_REPORTS_OUT/تقارير الاستشاري/Weekly Reports/تقرير 26/26- Weekly Status Report 23 May- 30 May  2024.pdf,26- Weekly Status Report 23 May- 30 May  2024.pdf,.pdf,294459,2026-05-04T06:47:18,report_out,pdf,en
09_REPORTS_OUT/تقارير الاستشاري/Weekly Reports/تقرير 27/27- Weekly Status Report 22 - 27 JUNE  2024.docx,27- Weekly Status Report 22 - 27 JUNE  2024.docx,.docx,153292,2026-05-04T06:47:18,report_out,docx,en
09_REPORTS_OUT/تقارير الاستشاري/Weekly Reports/تقرير 27/27- Weekly Status Report 22 - 27 JUNE  2024.pdf,27- Weekly Status Report 22 - 27 JUNE  2024.pdf,.pdf,352924,2026-05-04T06:47:18,report_out,pdf,en
09_REPORTS_OUT/تقارير الاستشاري/Weekly Reports/تقرير 27/~$- Weekly Status Report 29 May-8 JULE  2024.docx,~$- Weekly Status Report 29 May-8 JULE  2024.docx,.docx,162,2026-05-04T06:47:18,report_out,docx,en
09_REPORTS_OUT/تقارير الاستشاري/Weekly Reports/تقرير 28/28- Weekly Status Report 28 - 6 JUNE  2024.docx,28- Weekly Status Report 28 - 6 JUNE  2024.docx,.docx,153464,2026-05-04T06:47:18,report_out,docx,en
09_REPORTS_OUT/تقارير الاستشاري/Weekly Reports/تقرير 28/28- Weekly Status Report 28 - 6 JUNE  2024.pdf,28- Weekly Status Report 28 - 6 JUNE  2024.pdf,.pdf,358277,2026-05-04T06:47:18,report_out,pdf,en
09_REPORTS_OUT/تقارير الاستشاري/Weekly Reports/تقرير 28/~$- Weekly Status Report 29 May-8 JULE  2024.docx,~$- Weekly Status Report 29 May-8 JULE  2024.docx,.docx,162,2026-05-04T06:47:18,report_out,docx,en
09_REPORTS_OUT/تقارير الاستشاري/Weekly Reports/تقرير 29/29- Weekly Status Report 7- 11 JUNE  2024.docx,29- Weekly Status Report 7- 11 JUNE  2024.docx,.docx,153653,2026-05-04T06:47:18,report_out,docx,en
09_REPORTS_OUT/تقارير الاستشاري/Weekly Reports/تقرير 29/29- Weekly Status Report 7- 11 JUNE  2024.pdf,29- Weekly Status Report 7- 11 JUNE  2024.pdf,.pdf,362378,2026-05-04T06:47:18,report_out,pdf,en
09_REPORTS_OUT/تقارير الاستشاري/Weekly Reports/تقرير 29/~$- Weekly Status Report 29 May-8 JULE  2024.docx,~$- Weekly Status Report 29 May-8 JULE  2024.docx,.docx,162,2026-05-04T06:47:18,report_out,docx,en
09_REPORTS_OUT/تقارير الاستشاري/Weekly Reports/تقرير 30/29- Weekly Status Report 13 - 19 July  2024.docx,29- Weekly Status Report 13 - 19 July  2024.docx,.docx,154445,2026-05-04T06:47:18,report_out,docx,en
09_REPORTS_OUT/تقارير الاستشاري/Weekly Reports/تقرير 31/31- Weekly Status Report 27 July - 02  Aug  2024.docx,31- Weekly Status Report 27 July - 02  Aug  2024.docx,.docx,154330,2026-05-04T06:47:18,report_out,docx,en
09_REPORTS_OUT/تقارير الاستشاري/Weekly Reports/تقرير 31/31- Weekly Status Report 27 July - 02  Aug  2024.pdf,31- Weekly Status Report 27 July - 02  Aug  2024.pdf,.pdf,365529,2026-05-04T06:47:18,report_out,pdf,en
09_REPORTS_OUT/تقارير الاستشاري/Weekly Reports/تقرير 32/32- Weekly Status Report 20-25  July  2024.docx,32- Weekly Status Report 20-25  July  2024.docx,.docx,154388,2026-05-04T06:47:18,report_out,docx,en
09_REPORTS_OUT/تقارير الاستشاري/Weekly Reports/نسب الانجاز.xlsx,نسب الانجاز.xlsx,.xlsx,19063,2026-05-04T06:47:16,report_out,xlsx,ar
09_REPORTS_OUT/تقارير الاستشاري/~$رير مقاول البوابات.docx,~$رير مقاول البوابات.docx,.docx,162,2026-05-04T06:47:15,report_out,docx,ar
09_REPORTS_OUT/تقارير الاستشاري/التقارير اليومية/01-2025/01-01-2025.xlsx,01-01-2025.xlsx,.xlsx,1798114,2026-05-04T06:47:18,report_out,xlsx,en
09_REPORTS_OUT/تقارير الاستشاري/التقارير اليومية/01-2025/02-01-2025.xlsx,02-01-2025.xlsx,.xlsx,1881775,2026-05-04T06:47:18,report_out,xlsx,en
09_REPORTS_OUT/تقارير الاستشاري/التقارير اليومية/01-2025/04-01-2025.xlsx,04-01-2025.xlsx,.xlsx,1753585,2026-05-04T06:47:18,report_out,xlsx,en
09_REPORTS_OUT/تقارير الاستشاري/التقارير اليومية/01-2025/05-01-2025.xlsx,05-01-2025.xlsx,.xlsx,1889651,2026-05-04T06:47:18,report_out,xlsx,en
09_REPORTS_OUT/تقارير الاستشاري/التقارير اليومية/01-2025/06-01-2025.xlsx,06-01-2025.xlsx,.xlsx,1782842,2026-05-04T06:47:18,report_out,xlsx,en
09_REPORTS_OUT/تقارير الاستشاري/التقارير اليومية/01-2025/07-01-2025.xlsx,07-01-2025.xlsx,.xlsx,1775132,2026-05-04T06:47:18,report_out,xlsx,en
09_REPORTS_OUT/تقارير الاستشاري/التقارير اليومية/01-2025/08-01-2025.xlsx,08-01-2025.xlsx,.xlsx,1743042,2026-05-04T06:47:18,report_out,xlsx,en
09_REPORTS_OUT/تقارير الاستشاري/التقارير اليومية/01-2025/09-01-2025.xlsx,09-01-2025.xlsx,.xlsx,1834657,2026-05-04T06:47:18,report_out,xlsx,en
09_REPORTS_OUT/تقارير الاستشاري/التقارير اليومية/01-2025/11-01-2025.xlsx,11-01-2025.xlsx,.xlsx,1806234,2026-05-04T06:47:18,report_out,xlsx,en
09_REPORTS_OUT/تقارير الاستشاري/التقارير اليومية/01-2025/12-01-2025.xlsx,12-01-2025.xlsx,.xlsx,1878784,2026-05-04T06:47:18,report_out,xlsx,en
09_REPORTS_OUT/تقارير الاستشاري/التقارير اليومية/01-2025/13-01-2025.xlsx,13-01-2025.xlsx,.xlsx,1839652,2026-05-04T06:47:18,report_out,xlsx,en
09_REPORTS_OUT/تقارير الاستشاري/التقارير اليومية/01-2025/14-01-2025.xlsx,14-01-2025.xlsx,.xlsx,1762115,2026-05-04T06:47:18,report_out,xlsx,en
09_REPORTS_OUT/تقارير الاستشاري/التقارير اليومية/01-2025/15-01-2025.xlsx,15-01-2025.xlsx,.xlsx,1861519,2026-05-04T06:47:18,report_out,xlsx,en
09_REPORTS_OUT/تقارير الاستشاري/التقارير اليومية/01-2025/16-01-2025.xlsx,16-01-2025.xlsx,.xlsx,1899340,2026-05-04T06:47:19,report_out,xlsx,en
09_REPORTS_OUT/تقارير الاستشاري/التقارير اليومية/02-2024/2024-02-06.pdf,2024-02-06.pdf,.pdf,643929,2026-05-04T06:47:19,report_out,pdf,en
09_REPORTS_OUT/تقارير الاستشاري/التقارير اليومية/02-2024/2024-02-06.xlsx,2024-02-06.xlsx,.xlsx,1181683,2026-05-04T06:47:19,report_out,xlsx,en
09_REPORTS_OUT/تقارير الاستشاري/التقارير اليومية/02-2024/2024-02-07.pdf,2024-02-07.pdf,.pdf,722624,2026-05-04T06:47:19,report_out,pdf,en
09_REPORTS_OUT/تقارير الاستشاري/التقارير اليومية/02-2024/2024-02-07.xlsx,2024-02-07.xlsx,.xlsx,1339117,2026-05-04T06:47:19,report_out,xlsx,en
09_REPORTS_OUT/تقارير الاستشاري/التقارير اليومية/02-2024/2024-02-08.pdf,2024-02-08.pdf,.pdf,693622,2026-05-04T06:47:19,report_out,pdf,en
09_REPORTS_OUT/تقارير الاستشاري/التقارير اليومية/02-2024/2024-02-08.xlsx,2024-02-08.xlsx,.xlsx,1198933,2026-05-04T06:47:19,report_out,xlsx,en
09_REPORTS_OUT/تقارير الاستشاري/التقارير اليومية/02-2024/2024-02-10.pdf,2024-02-10.pdf,.pdf,733927,2026-05-04T06:47:19,report_out,pdf,en
09_REPORTS_OUT/تقارير الاستشاري/التقارير اليومية/02-2024/2024-02-10.xlsx,2024-02-10.xlsx,.xlsx,1256866,2026-05-04T06:47:19,report_out,xlsx,en
09_REPORTS_OUT/تقارير الاستشاري/التقارير اليومية/02-2024/2024-02-11.pdf,2024-02-11.pdf,.pdf,620622,2026-05-04T06:47:19,report_out,pdf,en
09_REPORTS_OUT/تقارير الاستشاري/التقارير اليومية/02-2024/2024-02-11.xlsx,2024-02-11.xlsx,.xlsx,1171186,2026-05-04T06:47:19,report_out,xlsx,en
09_REPORTS_OUT/تقارير الاستشاري/التقارير اليومية/02-2024/2024-02-12.pdf,2024-02-12.pdf,.pdf,644815,2026-05-04T06:47:19,report_out,pdf,en
09_REPORTS_OUT/تقارير الاستشاري/التقارير اليومية/02-2024/2024-02-12.xlsx,2024-02-12.xlsx,.xlsx,1324253,2026-05-04T06:47:19,report_out,xlsx,en
09_REPORTS_OUT/تقارير الاستشاري/التقارير اليومية/02-2024/2024-02-13.pdf,2024-02-13.pdf,.pdf,671212,2026-05-04T06:47:19,report_out,pdf,en
09_REPORTS_OUT/تقارير الاستشاري/التقارير اليومية/02-2024/2024-02-13.xlsx,2024-02-13.xlsx,.xlsx,1180822,2026-05-04T06:47:19,report_out,xlsx,en
09_REPORTS_OUT/تقارير الاستشاري/التقارير اليومية/02-2024/2024-02-14.pdf,2024-02-14.pdf,.pdf,718096,2026-05-04T06:47:19,report_out,pdf,en
09_REPORTS_OUT/تقارير الاستشاري/التقارير اليومية/02-2024/2024-02-14.xlsx,2024-02-14.xlsx,.xlsx,1433889,2026-05-04T06:47:19,report_out,xlsx,en
09_REPORTS_OUT/تقارير الاستشاري/التقارير اليومية/02-2024/2024-02-15.pdf,2024-02-15.pdf,.pdf,738420,2026-05-04T06:47:19,report_out,pdf,en
09_REPORTS_OUT/تقارير الاستشاري/التقارير اليومية/02-2024/2024-02-15.xlsx,2024-02-15.xlsx,.xlsx,1571952,2026-05-04T06:47:19,report_out,xlsx,en
09_REPORTS_OUT/تقارير الاستشاري/التقارير اليومية/02-2024/2024-02-17.pdf,2024-02-17.pdf,.pdf,735569,2026-05-04T06:47:19,report_out,pdf,en
09_REPORTS_OUT/تقارير الاستشاري/التقارير اليومية/02-2024/2024-02-17.xlsx,2024-02-17.xlsx,.xlsx,1411871,2026-05-04T06:47:19,report_out,xlsx,en
09_REPORTS_OUT/تقارير الاستشاري/التقارير اليومية/02-2024/2024-02-18.pdf,2024-02-18.pdf,.pdf,672056,2026-05-04T06:47:19,report_out,pdf,en
09_REPORTS_OUT/تقارير الاستشاري/التقارير اليومية/02-2024/2024-02-18.xlsx,2024-02-18.xlsx,.xlsx,1456854,2026-05-04T06:47:19,report_out,xlsx,en
09_REPORTS_OUT/تقارير الاستشاري/التقارير اليومية/02-2024/2024-02-19.pdf,2024-02-19.pdf,.pdf,731732,2026-05-04T06:47:19,report_out,pdf,en
09_REPORTS_OUT/تقارير الاستشاري/التقارير اليومية/02-2024/2024-02-19.xlsx,2024-02-19.xlsx,.xlsx,1619573,2026-05-04T06:47:19,report_out,xlsx,en
09_REPORTS_OUT/تقارير الاستشاري/التقارير اليومية/02-2024/2024-02-20.pdf,2024-02-20.pdf,.pdf,771788,2026-05-04T06:47:19,report_out,pdf,en
09_REPORTS_OUT/تقارير الاستشاري/التقارير اليومية/02-2024/2024-02-20.xlsx,2024-02-20.xlsx,.xlsx,1664508,2026-05-04T06:47:19,report_out,xlsx,en
09_REPORTS_OUT/تقارير الاستشاري/التقارير اليومية/02-2024/2024-02-21.pdf,2024-02-21.pdf,.pdf,742365,2026-05-04T06:47:19,report_out,pdf,en
09_REPORTS_OUT/تقارير الاستشاري/التقارير اليومية/02-2024/2024-02-21.xlsx,2024-02-21.xlsx,.xlsx,1412608,2026-05-04T06:47:19,report_out,xlsx,en
09_REPORTS_OUT/تقارير الاستشاري/التقارير اليومية/02-2024/2024-02-24.pdf,2024-02-24.pdf,.pdf,734309,2026-05-04T06:47:19,report_out,pdf,en
09_REPORTS_OUT/تقارير الاستشاري/التقارير اليومية/02-2024/2024-02-24.xlsx,2024-02-24.xlsx,.xlsx,1327650,2026-05-04T06:47:19,report_out,xlsx,en
09_REPORTS_OUT/تقارير الاستشاري/التقارير اليومية/02-2024/2024-02-25.pdf,2024-02-25.pdf,.pdf,694624,2026-05-04T06:47:19,report_out,pdf,en
09_REPORTS_OUT/تقارير الاستشاري/التقارير اليومية/02-2024/2024-02-25.xlsx,2024-02-25.xlsx,.xlsx,1233181,2026-05-04T06:47:19,report_out,xlsx,en
09_REPORTS_OUT/تقارير الاستشاري/التقارير اليومية/02-2024/2024-02-26 - Copy.xlsx,2024-02-26 - Copy.xlsx,.xlsx,1346922,2026-05-04T06:47:19,report_out,xlsx,en
09_REPORTS_OUT/تقارير الاستشاري/التقارير اليومية/02-2024/2024-02-26.pdf,2024-02-26.pdf,.pdf,749394,2026-05-04T06:47:19,report_out,pdf,en
09_REPORTS_OUT/تقارير الاستشاري/التقارير اليومية/02-2024/2024-02-27 - Copy.xlsx,2024-02-27 - Copy.xlsx,.xlsx,957008,2026-05-04T06:47:19,report_out,xlsx,en
09_REPORTS_OUT/تقارير الاستشاري/التقارير اليومية/02-2024/2024-02-27.pdf,2024-02-27.pdf,.pdf,721059,2026-05-04T06:47:19,report_out,pdf,en
09_REPORTS_OUT/تقارير الاستشاري/التقارير اليومية/02-2024/2024-02-28.pdf,2024-02-28.pdf,.pdf,746430,2026-05-04T06:47:19,report_out,pdf,en
09_REPORTS_OUT/تقارير الاستشاري/التقارير اليومية/02-2024/2024-02-28.xlsx,2024-02-28.xlsx,.xlsx,801076,2026-05-04T06:47:19,report_out,xlsx,en
09_REPORTS_OUT/تقارير الاستشاري/التقارير اليومية/02-2024/2024-02-29.pdf,2024-02-29.pdf,.pdf,634178,2026-05-04T06:47:19,report_out,pdf,en
09_REPORTS_OUT/تقارير الاستشاري/التقارير اليومية/02-2024/2024-02-29.xlsx,2024-02-29.xlsx,.xlsx,903511,2026-05-04T06:47:20,report_out,xlsx,en
09_REPORTS_OUT/تقارير الاستشاري/التقارير اليومية/03-2024/2024-03-02.pdf,2024-03-02.pdf,.pdf,677435,2026-05-04T06:47:20,report_out,pdf,en
09_REPORTS_OUT/تقارير الاستشاري/التقارير اليومية/03-2024/2024-03-02.xlsx,2024-03-02.xlsx,.xlsx,959905,2026-05-04T06:47:20,report_out,xlsx,en
09_REPORTS_OUT/تقارير الاستشاري/التقارير اليومية/03-2024/2024-03-03.pdf,2024-03-03.pdf,.pdf,756693,2026-05-04T06:47:20,report_out,pdf,en
09_REPORTS_OUT/تقارير الاستشاري/التقارير اليومية/03-2024/2024-03-03.xlsx,2024-03-03.xlsx,.xlsx,1200872,2026-05-04T06:47:20,report_out,xlsx,en
09_REPORTS_OUT/تقارير الاستشاري/التقارير اليومية/03-2024/2024-03-04.pdf,2024-03-04.pdf,.pdf,720074,2026-05-04T06:47:20,report_out,pdf,en
09_REPORTS_OUT/تقارير الاستشاري/التقارير اليومية/03-2024/2024-03-04.xlsx,2024-03-04.xlsx,.xlsx,1368026,2026-05-04T06:47:20,report_out,xlsx,en
09_REPORTS_OUT/تقارير الاستشاري/التقارير اليومية/03-2024/2024-03-05.pdf,2024-03-05.pdf,.pdf,659031,2026-05-04T06:47:20,report_out,pdf,en
09_REPORTS_OUT/تقارير الاستشاري/التقارير اليومية/03-2024/2024-03-05.xlsx,2024-03-05.xlsx,.xlsx,1252897,2026-05-04T06:47:20,report_out,xlsx,en
09_REPORTS_OUT/تقارير الاستشاري/التقارير اليومية/03-2024/2024-03-06.pdf,2024-03-06.pdf,.pdf,753875,2026-05-04T06:47:20,report_out,pdf,en
09_REPORTS_OUT/تقارير الاستشاري/التقارير اليومية/03-2024/2024-03-06.xlsx,2024-03-06.xlsx,.xlsx,1296917,2026-05-04T06:47:20,report_out,xlsx,en
09_REPORTS_OUT/تقارير الاستشاري/التقارير اليومية/03-2024/2024-03-07.pdf,2024-03-07.pdf,.pdf,724110,2026-05-04T06:47:20,report_out,pdf,en
09_REPORTS_OUT/تقارير الاستشاري/التقارير اليومية/03-2024/2024-03-07.xlsx,2024-03-07.xlsx,.xlsx,1188194,2026-05-04T06:47:20,report_out,xlsx,en
09_REPORTS_OUT/تقارير الاستشاري/التقارير اليومية/03-2024/2024-03-09.pdf,2024-03-09.pdf,.pdf,706131,2026-05-04T06:47:20,report_out,pdf,en
09_REPORTS_OUT/تقارير الاستشاري/التقارير اليومية/03-2024/2024-03-09.xlsx,2024-03-09.xlsx,.xlsx,1134798,2026-05-04T06:47:20,report_out,xlsx,en
09_REPORTS_OUT/تقارير الاستشاري/التقارير اليومية/03-2024/2024-03-10.pdf,2024-03-10.pdf,.pdf,713973,2026-05-04T06:47:20,report_out,pdf,en
09_REPORTS_OUT/تقارير الاستشاري/التقارير اليومية/03-2024/2024-03-10.xlsx,2024-03-10.xlsx,.xlsx,1492407,2026-05-04T06:47:20,report_out,xlsx,en
09_REPORTS_OUT/تقارير الاستشاري/التقارير اليومية/03-2024/2024-03-11-تقرير الفترة الصباحية.xlsx,2024-03-11-تقرير الفترة الصباحية.xlsx,.xlsx,1012025,2026-05-04T06:47:20,report_out,xlsx,ar
09_REPORTS_OUT/تقارير الاستشاري/التقارير اليومية/03-2024/2024-03-11.pdf,2024-03-11.pdf,.pdf,598642,2026-05-04T06:47:20,report_out,pdf,en
09_REPORTS_OUT/تقارير الاستشاري/التقارير اليومية/03-2024/2024-03-12 أعداد العمالة في الموقع.pdf,2024-03-12 أعداد العمالة في الموقع.pdf,.pdf,126004,2026-05-04T06:47:20,report_out,pdf,ar
09_REPORTS_OUT/تقارير الاستشاري/التقارير اليومية/03-2024/2024-03-12 أعداد العمالة في الموقع.xlsx,2024-03-12 أعداد العمالة في الموقع.xlsx,.xlsx,97267,2026-05-04T06:47:20,report_out,xlsx,ar
09_REPORTS_OUT/تقارير الاستشاري/التقارير اليومية/03-2024/2024-03-12-تقرير الفترة الصباحية.xlsx,2024-03-12-تقرير الفترة الصباحية.xlsx,.xlsx,995948,2026-05-04T06:47:20,report_out,xlsx,ar
09_REPORTS_OUT/تقارير الاستشاري/التقارير اليومية/03-2024/2024-03-13 أعداد العمالة في الموقع.pdf,2024-03-13 أعداد العمالة في الموقع.pdf,.pdf,126010,2026-05-04T06:47:20,report_out,pdf,ar
09_REPORTS_OUT/تقارير الاستشاري/التقارير اليومية/03-2024/2024-03-13 أعداد العمالة في الموقع.xlsx,2024-03-13 أعداد العمالة في الموقع.xlsx,.xlsx,97249,2026-05-04T06:47:20,report_out,xlsx,ar
09_REPORTS_OUT/تقارير الاستشاري/التقارير اليومية/03-2024/2024-03-13-تقرير الفترة الصباحية.xlsx,2024-03-13-تقرير الفترة الصباحية.xlsx,.xlsx,1150607,2026-05-04T06:47:20,report_out,xlsx,ar
09_REPORTS_OUT/تقارير الاستشاري/التقارير اليومية/03-2024/2024-03-14-تقرير الفترة الصباحية.xlsx,2024-03-14-تقرير الفترة الصباحية.xlsx,.xlsx,975862,2026-05-04T06:47:20,report_out,xlsx,ar
09_REPORTS_OUT/تقارير الاستشاري/التقارير اليومية/03-2024/2024-03-14أعداد العمالة في الموقع.xlsx,2024-03-14أعداد العمالة في الموقع.xlsx,.xlsx,97568,2026-05-04T06:47:20,report_out,xlsx,ar
09_REPORTS_OUT/تقارير الاستشاري/التقارير اليومية/03-2024/2024-03-16-تقرير أعمال -.pdf,2024-03-16-تقرير أعمال -.pdf,.pdf,674110,2026-05-04T06:47:20,report_out,pdf,ar
09_REPORTS_OUT/تقارير الاستشاري/التقارير اليومية/03-2024/2024-03-16-تقرير أعمال -.xlsx,2024-03-16-تقرير أعمال -.xlsx,.xlsx,943434,2026-05-04T06:47:20,report_out,xlsx,ar
09_REPORTS_OUT/تقارير الاستشاري/التقارير اليومية/03-2024/2024-03-16أعداد العمالة في الموقع.xlsx,2024-03-16أعداد العمالة في الموقع.xlsx,.xlsx,97611,2026-05-04T06:47:20,report_out,xlsx,ar
09_REPORTS_OUT/تقارير الاستشاري/التقارير اليومية/03-2024/2024-03-17-تقرير أعمال -.pdf,2024-03-17-تقرير أعمال -.pdf,.pdf,652172,2026-05-04T06:47:20,report_out,pdf,ar
09_REPORTS_OUT/تقارير الاستشاري/التقارير اليومية/03-2024/2024-03-17-تقرير أعمال -.xlsx,2024-03-17-تقرير أعمال -.xlsx,.xlsx,1017875,2026-05-04T06:47:20,report_out,xlsx,ar
09_REPORTS_OUT/تقارير الاستشاري/التقارير اليومية/03-2024/2024-03-18-تقرير أعمال.pdf,2024-03-18-تقرير أعمال.pdf,.pdf,643639,2026-05-04T06:47:20,report_out,pdf,ar
09_REPORTS_OUT/تقارير الاستشاري/التقارير اليومية/03-2024/2024-03-18-تقرير أعمال.xlsx,2024-03-18-تقرير أعمال.xlsx,.xlsx,1298431,2026-05-04T06:47:20,report_out,xlsx,ar
09_REPORTS_OUT/تقارير الاستشاري/التقارير اليومية/03-2024/2024-03-19-تقرير أعمال.pdf,2024-03-19-تقرير أعمال.pdf,.pdf,649782,2026-05-04T06:47:20,report_out,pdf,ar
09_REPORTS_OUT/تقارير الاستشاري/التقارير اليومية/03-2024/2024-03-19-تقرير أعمال.xlsx,2024-03-19-تقرير أعمال.xlsx,.xlsx,990346,2026-05-04T06:47:20,report_out,xlsx,ar
09_REPORTS_OUT/تقارير الاستشاري/التقارير اليومية/03-2024/2024-03-21-تقرير أعمال.pdf,2024-03-21-تقرير أعمال.pdf,.pdf,638736,2026-05-04T06:47:20,report_out,pdf,ar
09_REPORTS_OUT/تقارير الاستشاري/التقارير اليومية/03-2024/2024-03-21-تقرير أعمال.xlsx,2024-03-21-تقرير أعمال.xlsx,.xlsx,1298451,2026-05-04T06:47:20,report_out,xlsx,ar
09_REPORTS_OUT/تقارير الاستشاري/التقارير اليومية/03-2024/2024-03-23-تقرير أعمال.pdf,2024-03-23-تقرير أعمال.pdf,.pdf,640998,2026-05-04T06:47:20,report_out,pdf,ar
09_REPORTS_OUT/تقارير الاستشاري/التقارير اليومية/03-2024/2024-03-23-تقرير أعمال.xlsx,2024-03-23-تقرير أعمال.xlsx,.xlsx,1089428,2026-05-04T06:47:21,report_out,xlsx,ar
09_REPORTS_OUT/تقارير الاستشاري/التقارير اليومية/03-2024/2024-03-24-تقرير أعمال.pdf,2024-03-24-تقرير أعمال.pdf,.pdf,652839,2026-05-04T06:47:21,report_out,pdf,ar
09_REPORTS_OUT/تقارير الاستشاري/التقارير اليومية/03-2024/2024-03-24-تقرير أعمال.xlsx,2024-03-24-تقرير أعمال.xlsx,.xlsx,1022109,2026-05-04T06:47:21,report_out,xlsx,ar
09_REPORTS_OUT/تقارير الاستشاري/التقارير اليومية/03-2024/2024-03-25-تقرير أعمال.pdf,2024-03-25-تقرير أعمال.pdf,.pdf,683461,2026-05-04T06:47:21,report_out,pdf,ar
09_REPORTS_OUT/تقارير الاستشاري/التقارير اليومية/03-2024/2024-03-25-تقرير أعمال.xlsx,2024-03-25-تقرير أعمال.xlsx,.xlsx,784439,2026-05-04T06:47:21,report_out,xlsx,ar
09_REPORTS_OUT/تقارير الاستشاري/التقارير اليومية/03-2024/2024-03-26-تقرير أعمال.pdf,2024-03-26-تقرير أعمال.pdf,.pdf,752234,2026-05-04T06:47:21,report_out,pdf,ar
09_REPORTS_OUT/تقارير الاستشاري/التقارير اليومية/03-2024/2024-03-26-تقرير أعمال.xlsx,2024-03-26-تقرير أعمال.xlsx,.xlsx,1014164,2026-05-04T06:47:21,report_out,xlsx,ar
09_REPORTS_OUT/تقارير الاستشاري/التقارير اليومية/03-2024/2024-03-27-تقرير أعمال.pdf,2024-03-27-تقرير أعمال.pdf,.pdf,753842,2026-05-04T06:47:21,report_out,pdf,ar
09_REPORTS_OUT/تقارير الاستشاري/التقارير اليومية/03-2024/2024-03-27-تقرير أعمال.xlsx,2024-03-27-تقرير أعمال.xlsx,.xlsx,1122736,2026-05-04T06:47:21,report_out,xlsx,ar
09_REPORTS_OUT/تقارير الاستشاري/التقارير اليومية/03-2024/2024-03-28-تقرير أعمال.pdf,2024-03-28-تقرير أعمال.pdf,.pdf,744850,2026-05-04T06:47:21,report_out,pdf,ar
09_REPORTS_OUT/تقارير الاستشاري/التقارير اليومية/03-2024/2024-03-28-تقرير أعمال.xlsx,2024-03-28-تقرير أعمال.xlsx,.xlsx,1297201,2026-05-04T06:47:21,report_out,xlsx,ar
09_REPORTS_OUT/تقارير الاستشاري/التقارير اليومية/03-2024/2024-03-30-تقرير أعمال.pdf,2024-03-30-تقرير أعمال.pdf,.pdf,657242,2026-05-04T06:47:21,report_out,pdf,ar
09_REPORTS_OUT/تقارير الاستشاري/التقارير اليومية/03-2024/2024-03-30-تقرير أعمال.xlsx,2024-03-30-تقرير أعمال.xlsx,.xlsx,822340,2026-05-04T06:47:21,report_out,xlsx,ar
09_REPORTS_OUT/تقارير الاستشاري/التقارير اليومية/03-2024/2024-03-31-تقرير أعمال.pdf,2024-03-31-تقرير أعمال.pdf,.pdf,644924,2026-05-04T06:47:21,report_out,pdf,ar
09_REPORTS_OUT/تقارير الاستشاري/التقارير اليومية/03-2024/2024-03-31-تقرير أعمال.xlsx,2024-03-31-تقرير أعمال.xlsx,.xlsx,897317,2026-05-04T06:47:21,report_out,xlsx,ar
09_REPORTS_OUT/تقارير الاستشاري/التقارير اليومية/04-2024/2024-03-26-تقرير أعمال.xlsx,2024-03-26-تقرير أعمال.xlsx,.xlsx,1014108,2026-05-04T06:47:21,report_out,xlsx,ar
09_REPORTS_OUT/تقارير الاستشاري/التقارير اليومية/04-2024/2024-04-01-تقرير أعمال.pdf,2024-04-01-تقرير أعمال.pdf,.pdf,632350,2026-05-04T06:47:21,report_out,pdf,ar
09_REPORTS_OUT/تقارير الاستشاري/التقارير اليومية/04-2024/2024-04-01-تقرير أعمال.xlsx,2024-04-01-تقرير أعمال.xlsx,.xlsx,777338,2026-05-04T06:47:21,report_out,xlsx,ar
09_REPORTS_OUT/تقارير الاستشاري/التقارير اليومية/04-2024/2024-04-02-تقرير أعمال.pdf,2024-04-02-تقرير أعمال.pdf,.pdf,653448,2026-05-04T06:47:21,report_out,pdf,ar
09_REPORTS_OUT/تقارير الاستشاري/التقارير اليومية/04-2024/2024-04-02-تقرير أعمال.xlsx,2024-04-02-تقرير أعمال.xlsx,.xlsx,1058391,2026-05-04T06:47:21,report_out,xlsx,ar
09_REPORTS_OUT/تقارير الاستشاري/التقارير اليومية/04-2024/2024-04-03-تقرير أعمال.pdf,2024-04-03-تقرير أعمال.pdf,.pdf,721068,2026-05-04T06:47:21,report_out,pdf,ar
09_REPORTS_OUT/تقارير الاستشاري/التقارير اليومية/04-2024/2024-04-03-تقرير أعمال.xlsx,2024-04-03-تقرير أعمال.xlsx,.xlsx,1310846,2026-05-04T06:47:21,report_out,xlsx,ar
09_REPORTS_OUT/تقارير الاستشاري/التقارير اليومية/04-2024/2024-04-04-تقرير أعمال.pdf,2024-04-04-تقرير أعمال.pdf,.pdf,656575,2026-05-04T06:47:21,report_out,pdf,ar
09_REPORTS_OUT/تقارير الاستشاري/التقارير اليومية/04-2024/2024-04-04-تقرير أعمال.xlsx,2024-04-04-تقرير أعمال.xlsx,.xlsx,1248317,2026-05-04T06:47:21,report_out,xlsx,ar
09_REPORTS_OUT/تقارير الاستشاري/التقارير اليومية/04-2024/2024-04-06-تقرير أعمال.pdf,2024-04-06-تقرير أعمال.pdf,.pdf,678831,2026-05-04T06:47:21,report_out,pdf,ar
09_REPORTS_OUT/تقارير الاستشاري/التقارير اليومية/04-2024/2024-04-06-تقرير أعمال.xlsx,2024-04-06-تقرير أعمال.xlsx,.xlsx,1250796,2026-05-04T06:47:21,report_out,xlsx,ar
09_REPORTS_OUT/تقارير الاستشاري/التقارير اليومية/04-2024/2024-04-07-تقرير أعمال.pdf,2024-04-07-تقرير أعمال.pdf,.pdf,691346,2026-05-04T06:47:21,report_out,pdf,ar
09_REPORTS_OUT/تقارير الاستشاري/التقارير اليومية/04-2024/2024-04-07-تقرير أعمال.xlsx,2024-04-07-تقرير أعمال.xlsx,.xlsx,1172117,2026-05-04T06:47:21,report_out,xlsx,ar
09_REPORTS_OUT/تقارير الاستشاري/التقارير اليومية/04-2024/2024-04-08-تقرير أعمال.pdf,2024-04-08-تقرير أعمال.pdf,.pdf,621667,2026-05-04T06:47:21,report_out,pdf,ar
09_REPORTS_OUT/تقارير الاستشاري/التقارير اليومية/04-2024/2024-04-08-تقرير أعمال.xlsx,2024-04-08-تقرير أعمال.xlsx,.xlsx,1000142,2026-05-04T06:47:21,report_out,xlsx,ar
09_REPORTS_OUT/تقارير الاستشاري/التقارير اليومية/04-2024/2024-04-14-تقرير أعمال.pdf,2024-04-14-تقرير أعمال.pdf,.pdf,729810,2026-05-04T06:47:21,report_out,pdf,ar
09_REPORTS_OUT/تقارير الاستشاري/التقارير اليومية/04-2024/2024-04-14-تقرير أعمال.xlsx,2024-04-14-تقرير أعمال.xlsx,.xlsx,1504925,2026-05-04T06:47:21,report_out,xlsx,ar
09_REPORTS_OUT/تقارير الاستشاري/التقارير اليومية/04-2024/2024-04-15-تقرير أعمال.pdf,2024-04-15-تقرير أعمال.pdf,.pdf,727051,2026-05-04T06:47:21,report_out,pdf,ar
09_REPORTS_OUT/تقارير الاستشاري/التقارير اليومية/04-2024/2024-04-15-تقرير أعمال.xlsx,2024-04-15-تقرير أعمال.xlsx,.xlsx,3417485,2026-05-04T06:47:21,report_out,xlsx,ar
09_REPORTS_OUT/تقارير الاستشاري/التقارير اليومية/04-2024/2024-04-16-تقرير أعمال.pdf,2024-04-16-تقرير أعمال.pdf,.pdf,724133,2026-05-04T06:47:21,report_out,pdf,ar
09_REPORTS_OUT/تقارير الاستشاري/التقارير اليومية/04-2024/2024-04-16-تقرير أعمال.xlsx,2024-04-16-تقرير أعمال.xlsx,.xlsx,1480671,2026-05-04T06:47:21,report_out,xlsx,ar
09_REPORTS_OUT/تقارير الاستشاري/التقارير اليومية/04-2024/2024-04-17-تقرير أعمال.pdf,2024-04-17-تقرير أعمال.pdf,.pdf,687534,2026-05-04T06:47:21,report_out,pdf,ar
09_REPORTS_OUT/تقارير الاستشاري/التقارير اليومية/04-2024/2024-04-17-تقرير أعمال.xlsx,2024-04-17-تقرير أعمال.xlsx,.xlsx,1184913,2026-05-04T06:47:21,report_out,xlsx,ar
09_REPORTS_OUT/تقارير الاستشاري/التقارير اليومية/04-2024/2024-04-18-تقرير أعمال.pdf,2024-04-18-تقرير أعمال.pdf,.pdf,730067,2026-05-04T06:47:21,report_out,pdf,ar
09_REPORTS_OUT/تقارير الاستشاري/التقارير اليومية/04-2024/2024-04-18-تقرير أعمال.xlsx,2024-04-18-تقرير أعمال.xlsx,.xlsx,1165240,2026-05-04T06:47:21,report_out,xlsx,ar
09_REPORTS_OUT/تقارير الاستشاري/التقارير اليومية/04-2024/2024-04-20-تقرير أعمال.pdf,2024-04-20-تقرير أعمال.pdf,.pdf,685889,2026-05-04T06:47:21,report_out,pdf,ar
09_REPORTS_OUT/تقارير الاستشاري/التقارير اليومية/04-2024/2024-04-20-تقرير أعمال.xlsx,2024-04-20-تقرير أعمال.xlsx,.xlsx,1111605,2026-05-04T06:47:21,report_out,xlsx,ar
09_REPORTS_OUT/تقارير الاستشاري/التقارير اليومية/04-2024/2024-04-21-تقرير أعمال.pdf,2024-04-21-تقرير أعمال.pdf,.pdf,603322,2026-05-04T06:47:21,report_out,pdf,ar
09_REPORTS_OUT/تقارير الاستشاري/التقارير اليومية/04-2024/2024-04-21-تقرير أعمال.xlsx,2024-04-21-تقرير أعمال.xlsx,.xlsx,945365,2026-05-04T06:47:22,report_out,xlsx,ar
09_REPORTS_OUT/تقارير الاستشاري/التقارير اليومية/04-2024/2024-04-22-تقرير أعمال.pdf,2024-04-22-تقرير أعمال.pdf,.pdf,622235,2026-05-04T06:47:22,report_out,pdf,ar
09_REPORTS_OUT/تقارير الاستشاري/التقارير اليومية/04-2024/2024-04-22-تقرير أعمال.xlsx,2024-04-22-تقرير أعمال.xlsx,.xlsx,1027298,2026-05-04T06:47:22,report_out,xlsx,ar
09_REPORTS_OUT/تقارير الاستشاري/التقارير اليومية/04-2024/2024-04-23-تقرير أعمال.pdf,2024-04-23-تقرير أعمال.pdf,.pdf,609524,2026-05-04T06:47:22,report_out,pdf,ar
09_REPORTS_OUT/تقارير الاستشاري/التقارير اليومية/04-2024/2024-04-23-تقرير أعمال.xlsx,2024-04-23-تقرير أعمال.xlsx,.xlsx,1128527,2026-05-04T06:47:22,report_out,xlsx,ar
09_REPORTS_OUT/تقارير الاستشاري/التقارير اليومية/04-2024/2024-04-24-تقرير أعمال.pdf,2024-04-24-تقرير أعمال.pdf,.pdf,550616,2026-05-04T06:47:22,report_out,pdf,ar
09_REPORTS_OUT/تقارير الاستشاري/التقارير اليومية/04-2024/2024-04-24-تقرير أعمال.xlsx,2024-04-24-تقرير أعمال.xlsx,.xlsx,904764,2026-05-04T06:47:22,report_out,xlsx,ar
09_REPORTS_OUT/تقارير الاستشاري/التقارير اليومية/04-2024/2024-04-25-تقرير أعمال.pdf,2024-04-25-تقرير أعمال.pdf,.pdf,566008,2026-05-04T06:47:22,report_out,pdf,ar
09_REPORTS_OUT/تقارير الاستشاري/التقارير اليومية/04-2024/2024-04-25-تقرير أعمال.xlsx,2024-04-25-تقرير أعمال.xlsx,.xlsx,853056,2026-05-04T06:47:22,report_out,xlsx,ar
09_REPORTS_OUT/تقارير الاستشاري/التقارير اليومية/04-2024/2024-04-27-تقرير أعمال.pdf,2024-04-27-تقرير أعمال.pdf,.pdf,588083,2026-05-04T06:47:22,report_out,pdf,ar
09_REPORTS_OUT/تقارير الاستشاري/التقارير اليومية/04-2024/2024-04-27-تقرير أعمال.xlsx,2024-04-27-تقرير أعمال.xlsx,.xlsx,1034157,2026-05-04T06:47:22,report_out,xlsx,ar
09_REPORTS_OUT/تقارير الاستشاري/التقارير اليومية/04-2024/2024-04-28-تقرير أعمال.pdf,2024-04-28-تقرير أعمال.pdf,.pdf,563492,2026-05-04T06:47:22,report_out,pdf,ar
09_REPORTS_OUT/تقارير الاستشاري/التقارير اليومية/04-2024/2024-04-28-تقرير أعمال.xlsx,2024-04-28-تقرير أعمال.xlsx,.xlsx,1113424,2026-05-04T06:47:22,report_out,xlsx,ar
09_REPORTS_OUT/تقارير الاستشاري/التقارير اليومية/04-2024/2024-04-29-تقرير أعمال.pdf,2024-04-29-تقرير أعمال.pdf,.pdf,608115,2026-05-04T06:47:22,report_out,pdf,ar
09_REPORTS_OUT/تقارير الاستشاري/التقارير اليومية/04-2024/2024-04-29-تقرير أعمال.xlsx,2024-04-29-تقرير أعمال.xlsx,.xlsx,1656625,2026-05-04T06:47:22,report_out,xlsx,ar
09_REPORTS_OUT/تقارير الاستشاري/التقارير اليومية/04-2024/2024-04-30-تقرير أعمال.pdf,2024-04-30-تقرير أعمال.pdf,.pdf,529011,2026-05-04T06:47:22,report_out,pdf,ar
09_REPORTS_OUT/تقارير الاستشاري/التقارير اليومية/04-2024/2024-04-30-تقرير أعمال.xlsx,2024-04-30-تقرير أعمال.xlsx,.xlsx,1130930,2026-05-04T06:47:22,report_out,xlsx,ar
09_REPORTS_OUT/تقارير الاستشاري/التقارير اليومية/05-2024/2024-05-05-تقرير أعمال.pdf,2024-05-05-تقرير أعمال.pdf,.pdf,677517,2026-05-04T06:47:22,report_out,pdf,ar
09_REPORTS_OUT/تقارير الاستشاري/التقارير اليومية/05-2024/2024-05-05-تقرير أعمال.xlsx,2024-05-05-تقرير أعمال.xlsx,.xlsx,1538560,2026-05-04T06:47:22,report_out,xlsx,ar
09_REPORTS_OUT/تقارير الاستشاري/التقارير اليومية/05-2024/2024-05-06-تقرير أعمال.pdf,2024-05-06-تقرير أعمال.pdf,.pdf,643353,2026-05-04T06:47:22,report_out,pdf,ar
09_REPORTS_OUT/تقارير الاستشاري/التقارير اليومية/05-2024/2024-05-06-تقرير أعمال.xlsx,2024-05-06-تقرير أعمال.xlsx,.xlsx,1283374,2026-05-04T06:47:22,report_out,xlsx,ar
09_REPORTS_OUT/تقارير الاستشاري/التقارير اليومية/05-2024/2024-05-07-تقرير أعمال.pdf,2024-05-07-تقرير أعمال.pdf,.pdf,658358,2026-05-04T06:47:22,report_out,pdf,ar
09_REPORTS_OUT/تقارير الاستشاري/التقارير اليومية/05-2024/2024-05-07-تقرير أعمال.xlsx,2024-05-07-تقرير أعمال.xlsx,.xlsx,1616547,2026-05-04T06:47:22,report_out,xlsx,ar
09_REPORTS_OUT/تقارير الاستشاري/التقارير اليومية/05-2024/2024-05-08-تقرير أعمال.pdf,2024-05-08-تقرير أعمال.pdf,.pdf,674962,2026-05-04T06:47:22,report_out,pdf,ar
09_REPORTS_OUT/تقارير الاستشاري/التقارير اليومية/05-2024/2024-05-08-تقرير أعمال.xlsx,2024-05-08-تقرير أعمال.xlsx,.xlsx,1729910,2026-05-04T06:47:22,report_out,xlsx,ar
09_REPORTS_OUT/تقارير الاستشاري/التقارير اليومية/05-2024/2024-05-09-تقرير أعمال.pdf,2024-05-09-تقرير أعمال.pdf,.pdf,674880,2026-05-04T06:47:22,report_out,pdf,ar
09_REPORTS_OUT/تقارير الاستشاري/التقارير اليومية/05-2024/2024-05-09-تقرير أعمال.xlsx,2024-05-09-تقرير أعمال.xlsx,.xlsx,1937967,2026-05-04T06:47:22,report_out,xlsx,ar
09_REPORTS_OUT/تقارير الاستشاري/التقارير اليومية/05-2024/2024-05-1-تقرير أعمال.pdf,2024-05-1-تقرير أعمال.pdf,.pdf,711769,2026-05-04T06:47:22,report_out,pdf,ar
09_REPORTS_OUT/تقارير الاستشاري/التقارير اليومية/05-2024/2024-05-1-تقرير أعمال.xlsx,2024-05-1-تقرير أعمال.xlsx,.xlsx,1431933,2026-05-04T06:47:22,report_out,xlsx,ar
09_REPORTS_OUT/تقارير الاستشاري/التقارير اليومية/05-2024/2024-05-11-تقرير أعمال.pdf,2024-05-11-تقرير أعمال.pdf,.pdf,721930,2026-05-04T06:47:22,report_out,pdf,ar
09_REPORTS_OUT/تقارير الاستشاري/التقارير اليومية/05-2024/2024-05-11-تقرير أعمال.xlsx,2024-05-11-تقرير أعمال.xlsx,.xlsx,2217185,2026-05-04T06:47:22,report_out,xlsx,ar
09_REPORTS_OUT/تقارير الاستشاري/التقارير اليومية/05-2024/2024-05-12-تقرير أعمال.pdf,2024-05-12-تقرير أعمال.pdf,.pdf,699041,2026-05-04T06:47:22,report_out,pdf,ar
09_REPORTS_OUT/تقارير الاستشاري/التقارير اليومية/05-2024/2024-05-12-تقرير أعمال.xlsx,2024-05-12-تقرير أعمال.xlsx,.xlsx,1660297,2026-05-04T06:47:22,report_out,xlsx,ar
09_REPORTS_OUT/تقارير الاستشاري/التقارير اليومية/05-2024/2024-05-13-تقرير أعمال.pdf,2024-05-13-تقرير أعمال.pdf,.pdf,689188,2026-05-04T06:47:22,report_out,pdf,ar
09_REPORTS_OUT/تقارير الاستشاري/التقارير اليومية/05-2024/2024-05-13-تقرير أعمال.xlsx,2024-05-13-تقرير أعمال.xlsx,.xlsx,1679990,2026-05-04T06:47:22,report_out,xlsx,ar
09_REPORTS_OUT/تقارير الاستشاري/التقارير اليومية/05-2024/2024-05-14-تقرير أعمال.pdf,2024-05-14-تقرير أعمال.pdf,.pdf,691817,2026-05-04T06:47:22,report_out,pdf,ar
09_REPORTS_OUT/تقارير الاستشاري/التقارير اليومية/05-2024/2024-05-14-تقرير أعمال.xlsx,2024-05-14-تقرير أعمال.xlsx,.xlsx,1819861,2026-05-04T06:47:22,report_out,xlsx,ar
09_REPORTS_OUT/تقارير الاستشاري/التقارير اليومية/05-2024/2024-05-15-تقرير أعمال.pdf,2024-05-15-تقرير أعمال.pdf,.pdf,690604,2026-05-04T06:47:22,report_out,pdf,ar
09_REPORTS_OUT/تقارير الاستشاري/التقارير اليومية/05-2024/2024-05-15-تقرير أعمال.xlsx,2024-05-15-تقرير أعمال.xlsx,.xlsx,2083466,2026-05-04T06:47:22,report_out,xlsx,ar
09_REPORTS_OUT/تقارير الاستشاري/التقارير اليومية/05-2024/2024-05-16-تقرير أعمال.pdf,2024-05-16-تقرير أعمال.pdf,.pdf,677371,2026-05-04T06:47:22,report_out,pdf,ar
09_REPORTS_OUT/تقارير الاستشاري/التقارير اليومية/05-2024/2024-05-16-تقرير أعمال.xlsx,2024-05-16-تقرير أعمال.xlsx,.xlsx,1788573,2026-05-04T06:47:23,report_out,xlsx,ar
09_REPORTS_OUT/تقارير الاستشاري/التقارير اليومية/05-2024/2024-05-18-تقرير أعمال.pdf,2024-05-18-تقرير أعمال.pdf,.pdf,647657,2026-05-04T06:47:23,report_out,pdf,ar
09_REPORTS_OUT/تقارير الاستشاري/التقارير اليومية/05-2024/2024-05-18-تقرير أعمال.xlsx,2024-05-18-تقرير أعمال.xlsx,.xlsx,1818401,2026-05-04T06:47:23,report_out,xlsx,ar
09_REPORTS_OUT/تقارير الاستشاري/التقارير اليومية/05-2024/2024-05-19-تقرير أعمال.pdf,2024-05-19-تقرير أعمال.pdf,.pdf,651302,2026-05-04T06:47:23,report_out,pdf,ar
09_REPORTS_OUT/تقارير الاستشاري/التقارير اليومية/05-2024/2024-05-19-تقرير أعمال.xlsx,2024-05-19-تقرير أعمال.xlsx,.xlsx,1922617,2026-05-04T06:47:23,report_out,xlsx,ar
09_REPORTS_OUT/تقارير الاستشاري/التقارير اليومية/05-2024/2024-05-2-تقرير أعمال.pdf,2024-05-2-تقرير أعمال.pdf,.pdf,596725,2026-05-04T06:47:22,report_out,pdf,ar
09_REPORTS_OUT/تقارير الاستشاري/التقارير اليومية/05-2024/2024-05-2-تقرير أعمال.xlsx,2024-05-2-تقرير أعمال.xlsx,.xlsx,1292606,2026-05-04T06:47:22,report_out,xlsx,ar
09_REPORTS_OUT/تقارير الاستشاري/التقارير اليومية/05-2024/2024-05-20-تقرير أعمال.pdf,2024-05-20-تقرير أعمال.pdf,.pdf,678146,2026-05-04T06:47:23,report_out,pdf,ar
09_REPORTS_OUT/تقارير الاستشاري/التقارير اليومية/05-2024/2024-05-20-تقرير أعمال.xlsx,2024-05-20-تقرير أعمال.xlsx,.xlsx,1755365,2026-05-04T06:47:23,report_out,xlsx,ar
09_REPORTS_OUT/تقارير الاستشاري/التقارير اليومية/05-2024/2024-05-21-تقرير أعمال.pdf,2024-05-21-تقرير أعمال.pdf,.pdf,683766,2026-05-04T06:47:23,report_out,pdf,ar
09_REPORTS_OUT/تقارير الاستشاري/التقارير اليومية/05-2024/2024-05-21-تقرير أعمال.xlsx,2024-05-21-تقرير أعمال.xlsx,.xlsx,1969087,2026-05-04T06:47:23,report_out,xlsx,ar
09_REPORTS_OUT/تقارير الاستشاري/التقارير اليومية/05-2024/2024-05-22-تقرير أعمال.pdf,2024-05-22-تقرير أعمال.pdf,.pdf,645443,2026-05-04T06:47:23,report_out,pdf,ar
09_REPORTS_OUT/تقارير الاستشاري/التقارير اليومية/05-2024/2024-05-22-تقرير أعمال.xlsx,2024-05-22-تقرير أعمال.xlsx,.xlsx,1831947,2026-05-04T06:47:23,report_out,xlsx,ar
09_REPORTS_OUT/تقارير الاستشاري/التقارير اليومية/05-2024/2024-05-23-تقرير أعمال.pdf,2024-05-23-تقرير أعمال.pdf,.pdf,682623,2026-05-04T06:47:23,report_out,pdf,ar
09_REPORTS_OUT/تقارير الاستشاري/التقارير اليومية/05-2024/2024-05-23-تقرير أعمال.xlsx,2024-05-23-تقرير أعمال.xlsx,.xlsx,1953285,2026-05-04T06:47:23,report_out,xlsx,ar
09_REPORTS_OUT/تقارير الاستشاري/التقارير اليومية/Thumbs.db,Thumbs.db,.db,1254912,2026-05-04T06:47:18,report_out,unknown,en
09_REPORTS_OUT/تقارير الاستشاري/التقارير اليومية/~$2024-02-25 - Copy.xlsx,~$2024-02-25 - Copy.xlsx,.xlsx,165,2026-05-04T06:47:18,report_out,xlsx,en
09_REPORTS_OUT/تقارير الاستشاري/التقارير اليومية/~$2024-03-07.xlsx,~$2024-03-07.xlsx,.xlsx,165,2026-05-04T06:47:18,report_out,xlsx,en
09_REPORTS_OUT/تقارير الاستشاري/التقرير اليومي المحدث/03-08-2024.xlsx,03-08-2024.xlsx,.xlsx,4662321,2026-05-04T06:47:23,report_out,xlsx,en
09_REPORTS_OUT/تقارير الاستشاري/التقرير اليومي المحدث/1-08-2024.xlsx,1-08-2024.xlsx,.xlsx,3686621,2026-05-04T06:47:23,report_out,xlsx,en
09_REPORTS_OUT/تقارير الاستشاري/التقرير اليومي المحدث/2024-04-25.xlsx,2024-04-25.xlsx,.xlsx,13744803,2026-05-04T06:47:23,report_out,xlsx,en
09_REPORTS_OUT/تقارير الاستشاري/التقرير اليومي المحدث/2024-04-26.xlsx,2024-04-26.xlsx,.xlsx,2812580,2026-05-04T06:47:23,report_out,xlsx,en
09_REPORTS_OUT/تقارير الاستشاري/التقرير اليومي المحدث/2024-04-28.pdf,2024-04-28.pdf,.pdf,460475,2026-05-04T06:47:23,report_out,pdf,en
09_REPORTS_OUT/تقارير الاستشاري/التقرير اليومي المحدث/2024-04-28.xlsx,2024-04-28.xlsx,.xlsx,3222644,2026-05-04T06:47:23,report_out,xlsx,en
09_REPORTS_OUT/تقارير الاستشاري/التقرير اليومي المحدث/2024-04-29.pdf,2024-04-29.pdf,.pdf,433204,2026-05-04T06:47:23,report_out,pdf,en
09_REPORTS_OUT/تقارير الاستشاري/التقرير اليومي المحدث/2024-04-29.xlsx,2024-04-29.xlsx,.xlsx,1955311,2026-05-04T06:47:23,report_out,xlsx,en
09_REPORTS_OUT/تقارير الاستشاري/التقرير اليومي المحدث/2024-04-30.pdf,2024-04-30.pdf,.pdf,482048,2026-05-04T06:47:23,report_out,pdf,en
09_REPORTS_OUT/تقارير الاستشاري/التقرير اليومي المحدث/2024-04-30.xlsx,2024-04-30.xlsx,.xlsx,2090310,2026-05-04T06:47:23,report_out,xlsx,en
09_REPORTS_OUT/تقارير الاستشاري/التقرير اليومي المحدث/2024-05-01.pdf,2024-05-01.pdf,.pdf,180328,2026-05-04T06:47:23,report_out,pdf,en
09_REPORTS_OUT/تقارير الاستشاري/التقرير اليومي المحدث/2024-05-01.xlsx,2024-05-01.xlsx,.xlsx,2349890,2026-05-04T06:47:23,report_out,xlsx,en
09_REPORTS_OUT/تقارير الاستشاري/التقرير اليومي المحدث/2024-05-02.pdf,2024-05-02.pdf,.pdf,520291,2026-05-04T06:47:23,report_out,pdf,en
09_REPORTS_OUT/تقارير الاستشاري/التقرير اليومي المحدث/2024-05-02.xlsx,2024-05-02.xlsx,.xlsx,2445015,2026-05-04T06:47:23,report_out,xlsx,en
09_REPORTS_OUT/تقارير الاستشاري/التقرير اليومي المحدث/2024-05-04.pdf,2024-05-04.pdf,.pdf,512098,2026-05-04T06:47:23,report_out,pdf,en
09_REPORTS_OUT/تقارير الاستشاري/التقرير اليومي المحدث/2024-05-04.xlsx,2024-05-04.xlsx,.xlsx,2517306,2026-05-04T06:47:23,report_out,xlsx,en
09_REPORTS_OUT/تقارير الاستشاري/التقرير اليومي المحدث/2024-05-05.pdf,2024-05-05.pdf,.pdf,527030,2026-05-04T06:47:24,report_out,pdf,en
09_REPORTS_OUT/تقارير الاستشاري/التقرير اليومي المحدث/2024-05-05.xlsx,2024-05-05.xlsx,.xlsx,2522644,2026-05-04T06:47:24,report_out,xlsx,en
09_REPORTS_OUT/تقارير الاستشاري/التقرير اليومي المحدث/2024-05-07.pdf,2024-05-07.pdf,.pdf,493047,2026-05-04T06:47:24,report_out,pdf,en
09_REPORTS_OUT/تقارير الاستشاري/التقرير اليومي المحدث/2024-05-07.xlsx,2024-05-07.xlsx,.xlsx,2727532,2026-05-04T06:47:24,report_out,xlsx,en
09_REPORTS_OUT/تقارير الاستشاري/التقرير اليومي المحدث/2024-05-08.pdf,2024-05-08.pdf,.pdf,495083,2026-05-04T06:47:24,report_out,pdf,en
09_REPORTS_OUT/تقارير الاستشاري/التقرير اليومي المحدث/2024-05-08.xlsx,2024-05-08.xlsx,.xlsx,2626177,2026-05-04T06:47:24,report_out,xlsx,en
09_REPORTS_OUT/تقارير الاستشاري/التقرير اليومي المحدث/2024-05-09.pdf,2024-05-09.pdf,.pdf,518065,2026-05-04T06:47:24,report_out,pdf,en
09_REPORTS_OUT/تقارير الاستشاري/التقرير اليومي المحدث/2024-05-09.xlsx,2024-05-09.xlsx,.xlsx,3018064,2026-05-04T06:47:24,report_out,xlsx,en
09_REPORTS_OUT/تقارير الاستشاري/التقرير اليومي المحدث/2024-05-11.xlsx,2024-05-11.xlsx,.xlsx,2698940,2026-05-04T06:47:24,report_out,xlsx,en
09_REPORTS_OUT/تقارير الاستشاري/التقرير اليومي المحدث/2024-05-12.pdf,2024-05-12.pdf,.pdf,455772,2026-05-04T06:47:24,report_out,pdf,en
09_REPORTS_OUT/تقارير الاستشاري/التقرير اليومي المحدث/2024-05-12.xlsx,2024-05-12.xlsx,.xlsx,2630701,2026-05-04T06:47:24,report_out,xlsx,en
09_REPORTS_OUT/تقارير الاستشاري/التقرير اليومي المحدث/2024-05-13.pdf,2024-05-13.pdf,.pdf,463030,2026-05-04T06:47:24,report_out,pdf,en
09_REPORTS_OUT/تقارير الاستشاري/التقرير اليومي المحدث/2024-05-13.xlsx,2024-05-13.xlsx,.xlsx,2715017,2026-05-04T06:47:24,report_out,xlsx,en
09_REPORTS_OUT/تقارير الاستشاري/التقرير اليومي المحدث/2024-05-14.pdf,2024-05-14.pdf,.pdf,449033,2026-05-04T06:47:24,report_out,pdf,en
09_REPORTS_OUT/تقارير الاستشاري/التقرير اليومي المحدث/2024-05-14.xlsx,2024-05-14.xlsx,.xlsx,2525904,2026-05-04T06:47:24,report_out,xlsx,en
09_REPORTS_OUT/تقارير الاستشاري/التقرير اليومي المحدث/2024-05-15.pdf,2024-05-15.pdf,.pdf,445198,2026-05-04T06:47:24,report_out,pdf,en
09_REPORTS_OUT/تقارير الاستشاري/التقرير اليومي المحدث/2024-05-15.xlsx,2024-05-15.xlsx,.xlsx,2510838,2026-05-04T06:47:24,report_out,xlsx,en
09_REPORTS_OUT/تقارير الاستشاري/التقرير اليومي المحدث/2024-05-16.xlsx,2024-05-16.xlsx,.xlsx,2510871,2026-05-04T06:47:24,report_out,xlsx,en
09_REPORTS_OUT/تقارير الاستشاري/التقرير اليومي المحدث/2024-05-17.xlsx,2024-05-17.xlsx,.xlsx,2562037,2026-05-04T06:47:24,report_out,xlsx,en
09_REPORTS_OUT/تقارير الاستشاري/التقرير اليومي المحدث/2024-05-19.xlsx,2024-05-19.xlsx,.xlsx,2566629,2026-05-04T06:47:24,report_out,xlsx,en
09_REPORTS_OUT/تقارير الاستشاري/التقرير اليومي المحدث/2024-05-20.xlsx,2024-05-20.xlsx,.xlsx,2566650,2026-05-04T06:47:24,report_out,xlsx,en
09_REPORTS_OUT/تقارير الاستشاري/التقرير اليومي المحدث/2024-05-21.xlsx,2024-05-21.xlsx,.xlsx,2543516,2026-05-04T06:47:24,report_out,xlsx,en
09_REPORTS_OUT/تقارير الاستشاري/التقرير اليومي المحدث/2024-05-22.xlsx,2024-05-22.xlsx,.xlsx,2507696,2026-05-04T06:47:24,report_out,xlsx,en
09_REPORTS_OUT/تقارير الاستشاري/التقرير اليومي المحدث/2024-05-23.xlsx,2024-05-23.xlsx,.xlsx,2744934,2026-05-04T06:47:24,report_out,xlsx,en
09_REPORTS_OUT/تقارير الاستشاري/التقرير اليومي المحدث/2024-05-25.xlsx,2024-05-25.xlsx,.xlsx,2729232,2026-05-04T06:47:24,report_out,xlsx,en
09_REPORTS_OUT/تقارير الاستشاري/التقرير اليومي المحدث/2024-05-26.xlsx,2024-05-26.xlsx,.xlsx,2726733,2026-05-04T06:47:24,report_out,xlsx,en
09_REPORTS_OUT/تقارير الاستشاري/التقرير اليومي المحدث/2024-05-27.xlsx,2024-05-27.xlsx,.xlsx,2758810,2026-05-04T06:47:24,report_out,xlsx,en
09_REPORTS_OUT/تقارير الاستشاري/التقرير اليومي المحدث/2024-05-28.xlsx,2024-05-28.xlsx,.xlsx,2838087,2026-05-04T06:47:24,report_out,xlsx,en
09_REPORTS_OUT/تقارير الاستشاري/التقرير اليومي المحدث/2024-05-29.xlsx,2024-05-29.xlsx,.xlsx,2783039,2026-05-04T06:47:24,report_out,xlsx,en
09_REPORTS_OUT/تقارير الاستشاري/التقرير اليومي المحدث/2024-05-30.xlsx,2024-05-30.xlsx,.xlsx,2752905,2026-05-04T06:47:24,report_out,xlsx,en
09_REPORTS_OUT/تقارير الاستشاري/التقرير اليومي المحدث/2024-06-01.xlsx,2024-06-01.xlsx,.xlsx,2867266,2026-05-04T06:47:24,report_out,xlsx,en
09_REPORTS_OUT/تقارير الاستشاري/التقرير اليومي المحدث/2024-06-02.xlsx,2024-06-02.xlsx,.xlsx,2708532,2026-05-04T06:47:24,report_out,xlsx,en
09_REPORTS_OUT/تقارير الاستشاري/التقرير اليومي المحدث/2024-06-06.xlsx,2024-06-06.xlsx,.xlsx,2810024,2026-05-04T06:47:24,report_out,xlsx,en
09_REPORTS_OUT/تقارير الاستشاري/التقرير اليومي المحدث/2024-06-08.xlsx,2024-06-08.xlsx,.xlsx,3066785,2026-05-04T06:47:25,report_out,xlsx,en
09_REPORTS_OUT/تقارير الاستشاري/التقرير اليومي المحدث/2024-07-06.xlsx,2024-07-06.xlsx,.xlsx,3378402,2026-05-04T06:47:25,report_out,xlsx,en
09_REPORTS_OUT/تقارير الاستشاري/التقرير اليومي المحدث/2024-07-07.xlsx,2024-07-07.xlsx,.xlsx,2536458,2026-05-04T06:47:25,report_out,xlsx,en
09_REPORTS_OUT/تقارير الاستشاري/التقرير اليومي المحدث/2024-07-08.xlsx,2024-07-08.xlsx,.xlsx,2384286,2026-05-04T06:47:25,report_out,xlsx,en
09_REPORTS_OUT/تقارير الاستشاري/التقرير اليومي المحدث/2024-07-09.pdf,2024-07-09.pdf,.pdf,431480,2026-05-04T06:47:25,report_out,pdf,en
09_REPORTS_OUT/تقارير الاستشاري/التقرير اليومي المحدث/2024-07-09.xlsx,2024-07-09.xlsx,.xlsx,3311730,2026-05-04T06:47:25,report_out,xlsx,en
09_REPORTS_OUT/تقارير الاستشاري/التقرير اليومي المحدث/2024-07-10.pdf,2024-07-10.pdf,.pdf,557951,2026-05-04T06:47:25,report_out,pdf,en
09_REPORTS_OUT/تقارير الاستشاري/التقرير اليومي المحدث/2024-07-10.xlsx,2024-07-10.xlsx,.xlsx,3563184,2026-05-04T06:47:25,report_out,xlsx,en
09_REPORTS_OUT/تقارير الاستشاري/التقرير اليومي المحدث/2024-07-11.pdf,2024-07-11.pdf,.pdf,561680,2026-05-04T06:47:25,report_out,pdf,en
09_REPORTS_OUT/تقارير الاستشاري/التقرير اليومي المحدث/2024-07-11.xlsx,2024-07-11.xlsx,.xlsx,3461509,2026-05-04T06:47:25,report_out,xlsx,en
09_REPORTS_OUT/تقارير الاستشاري/التقرير اليومي المحدث/2024-07-13.xlsx,2024-07-13.xlsx,.xlsx,3428811,2026-05-04T06:47:25,report_out,xlsx,en
09_REPORTS_OUT/تقارير الاستشاري/التقرير اليومي المحدث/2024-07-14.xlsx,2024-07-14.xlsx,.xlsx,3495805,2026-05-04T06:47:25,report_out,xlsx,en
09_REPORTS_OUT/تقارير الاستشاري/التقرير اليومي المحدث/2024-07-15.pdf,2024-07-15.pdf,.pdf,582378,2026-05-04T06:47:25,report_out,pdf,en
09_REPORTS_OUT/تقارير الاستشاري/التقرير اليومي المحدث/2024-07-15.xlsx,2024-07-15.xlsx,.xlsx,3563801,2026-05-04T06:47:25,report_out,xlsx,en
09_REPORTS_OUT/تقارير الاستشاري/التقرير اليومي المحدث/2024-07-16.pdf,2024-07-16.pdf,.pdf,802673,2026-05-04T06:47:25,report_out,pdf,en
09_REPORTS_OUT/تقارير الاستشاري/التقرير اليومي المحدث/2024-07-16.xlsx,2024-07-16.xlsx,.xlsx,3767509,2026-05-04T06:47:25,report_out,xlsx,en
09_REPORTS_OUT/تقارير الاستشاري/التقرير اليومي المحدث/2024-07-17.pdf,2024-07-17.pdf,.pdf,767148,2026-05-04T06:47:25,report_out,pdf,en
09_REPORTS_OUT/تقارير الاستشاري/التقرير اليومي المحدث/2024-07-17.xlsx,2024-07-17.xlsx,.xlsx,3593867,2026-05-04T06:47:25,report_out,xlsx,en
09_REPORTS_OUT/تقارير الاستشاري/التقرير اليومي المحدث/2024-07-18.xlsx,2024-07-18.xlsx,.xlsx,3325625,2026-05-04T06:47:25,report_out,xlsx,en
09_REPORTS_OUT/تقارير الاستشاري/التقرير اليومي المحدث/2024-07-20.pdf,2024-07-20.pdf,.pdf,757371,2026-05-04T06:47:25,report_out,pdf,en
09_REPORTS_OUT/تقارير الاستشاري/التقرير اليومي المحدث/2024-07-20.xlsx,2024-07-20.xlsx,.xlsx,3348794,2026-05-04T06:47:25,report_out,xlsx,en
09_REPORTS_OUT/تقارير الاستشاري/التقرير اليومي المحدث/2024-07-21.xlsx,2024-07-21.xlsx,.xlsx,4350095,2026-05-04T06:47:25,report_out,xlsx,en
09_REPORTS_OUT/تقارير الاستشاري/التقرير اليومي المحدث/2024-07-22.xlsx,2024-07-22.xlsx,.xlsx,3891687,2026-05-04T06:47:25,report_out,xlsx,en
09_REPORTS_OUT/تقارير الاستشاري/التقرير اليومي المحدث/2024-07-23.xlsx,2024-07-23.xlsx,.xlsx,3969969,2026-05-04T06:47:25,report_out,xlsx,en
09_REPORTS_OUT/تقارير الاستشاري/التقرير اليومي المحدث/2024-07-24.xlsx,2024-07-24.xlsx,.xlsx,3881674,2026-05-04T06:47:25,report_out,xlsx,en
09_REPORTS_OUT/تقارير الاستشاري/التقرير اليومي المحدث/2024-07-25.xlsx,2024-07-25.xlsx,.xlsx,3719970,2026-05-04T06:47:25,report_out,xlsx,en
09_REPORTS_OUT/تقارير الاستشاري/التقرير اليومي المحدث/2024-07-27.xlsx,2024-07-27.xlsx,.xlsx,3911071,2026-05-04T06:47:25,report_out,xlsx,en
09_REPORTS_OUT/تقارير الاستشاري/التقرير اليومي المحدث/2024-07-28.xlsx,2024-07-28.xlsx,.xlsx,3839058,2026-05-04T06:47:25,report_out,xlsx,en
09_REPORTS_OUT/تقارير الاستشاري/التقرير اليومي المحدث/2024-07-29.xlsx,2024-07-29.xlsx,.xlsx,3795773,2026-05-04T06:47:25,report_out,xlsx,en
09_REPORTS_OUT/تقارير الاستشاري/التقرير اليومي المحدث/2024-07-30.xlsx,2024-07-30.xlsx,.xlsx,3821506,2026-05-04T06:47:25,report_out,xlsx,en
09_REPORTS_OUT/تقارير الاستشاري/التقرير اليومي المحدث/2024-07-31.xlsx,2024-07-31.xlsx,.xlsx,3693219,2026-05-04T06:47:26,report_out,xlsx,en
09_REPORTS_OUT/تقارير الاستشاري/التقرير اليومي المحدث/2024-08-10.xlsx,2024-08-10.xlsx,.xlsx,3267724,2026-05-04T06:47:26,report_out,xlsx,en
09_REPORTS_OUT/تقارير الاستشاري/التقرير اليومي المحدث/2024-08-11.xlsx,2024-08-11.xlsx,.xlsx,3488851,2026-05-04T06:47:26,report_out,xlsx,en
09_REPORTS_OUT/تقارير الاستشاري/التقرير اليومي المحدث/2024-08-12.xlsx,2024-08-12.xlsx,.xlsx,3326247,2026-05-04T06:47:26,report_out,xlsx,en
09_REPORTS_OUT/تقارير الاستشاري/التقرير اليومي المحدث/2024-08-13.xlsx,2024-08-13.xlsx,.xlsx,3168530,2026-05-04T06:47:26,report_out,xlsx,en
09_REPORTS_OUT/تقارير الاستشاري/التقرير اليومي المحدث/2024-08-14.xlsx,2024-08-14.xlsx,.xlsx,3343995,2026-05-04T06:47:26,report_out,xlsx,en
09_REPORTS_OUT/تقارير الاستشاري/التقرير اليومي المحدث/2024-08-15.xlsx,2024-08-15.xlsx,.xlsx,3321009,2026-05-04T06:47:26,report_out,xlsx,en
09_REPORTS_OUT/تقارير الاستشاري/التقرير اليومي المحدث/2024-08-17.xlsx,2024-08-17.xlsx,.xlsx,3347993,2026-05-04T06:47:26,report_out,xlsx,en
09_REPORTS_OUT/تقارير الاستشاري/التقرير اليومي المحدث/2024-08-18.xlsx,2024-08-18.xlsx,.xlsx,3439083,2026-05-04T06:47:26,report_out,xlsx,en
09_REPORTS_OUT/تقارير الاستشاري/التقرير اليومي المحدث/2024-08-19.xlsx,2024-08-19.xlsx,.xlsx,3325993,2026-05-04T06:47:26,report_out,xlsx,en
09_REPORTS_OUT/تقارير الاستشاري/التقرير اليومي المحدث/2024-08-20.xlsx,2024-08-20.xlsx,.xlsx,3471448,2026-05-04T06:47:26,report_out,xlsx,en
09_REPORTS_OUT/تقارير الاستشاري/التقرير اليومي المحدث/2024-08-21.xlsx,2024-08-21.xlsx,.xlsx,3500979,2026-05-04T06:47:26,report_out,xlsx,en
09_REPORTS_OUT/تقارير الاستشاري/التقرير اليومي المحدث/2024-08-22.xlsx,2024-08-22.xlsx,.xlsx,3455770,2026-05-04T06:47:26,report_out,xlsx,en
09_REPORTS_OUT/تقارير الاستشاري/التقرير اليومي المحدث/2024-08-24.xlsx,2024-08-24.xlsx,.xlsx,3394495,2026-05-04T06:47:26,report_out,xlsx,en
09_REPORTS_OUT/تقارير الاستشاري/التقرير اليومي المحدث/2024-08-25.xlsx,2024-08-25.xlsx,.xlsx,3439952,2026-05-04T06:47:26,report_out,xlsx,en
09_REPORTS_OUT/تقارير الاستشاري/التقرير اليومي المحدث/2024-08-26.xlsx,2024-08-26.xlsx,.xlsx,3374285,2026-05-04T06:47:26,report_out,xlsx,en
09_REPORTS_OUT/تقارير الاستشاري/التقرير اليومي المحدث/2024-08-27.xlsx,2024-08-27.xlsx,.xlsx,3380682,2026-05-04T06:47:26,report_out,xlsx,en
09_REPORTS_OUT/تقارير الاستشاري/التقرير اليومي المحدث/2024-08-28.xlsx,2024-08-28.xlsx,.xlsx,3434580,2026-05-04T06:47:26,report_out,xlsx,en
09_REPORTS_OUT/تقارير الاستشاري/التقرير اليومي المحدث/2024-08-29.xlsx,2024-08-29.xlsx,.xlsx,3447276,2026-05-04T06:47:26,report_out,xlsx,en
09_REPORTS_OUT/تقارير الاستشاري/التقرير اليومي المحدث/2024-08-31.xlsx,2024-08-31.xlsx,.xlsx,3398216,2026-05-04T06:47:26,report_out,xlsx,en
09_REPORTS_OUT/تقارير الاستشاري/التقرير اليومي المحدث/2024-08-6.xlsx,2024-08-6.xlsx,.xlsx,3250044,2026-05-04T06:47:26,report_out,xlsx,en
09_REPORTS_OUT/تقارير الاستشاري/التقرير اليومي المحدث/2024-08-7.xlsx,2024-08-7.xlsx,.xlsx,3384225,2026-05-04T06:47:26,report_out,xlsx,en
09_REPORTS_OUT/تقارير الاستشاري/التقرير اليومي المحدث/2024-08-8 .xlsx,2024-08-8 .xlsx,.xlsx,3370251,2026-05-04T06:47:26,report_out,xlsx,en
09_REPORTS_OUT/تقارير الاستشاري/التقرير اليومي المحدث/2024-09-01.xlsx,2024-09-01.xlsx,.xlsx,3394806,2026-05-04T06:47:26,report_out,xlsx,en
09_REPORTS_OUT/تقارير الاستشاري/التقرير اليومي المحدث/2024-09-02.xlsx,2024-09-02.xlsx,.xlsx,3460516,2026-05-04T06:47:26,report_out,xlsx,en
09_REPORTS_OUT/تقارير الاستشاري/التقرير اليومي المحدث/2024-09-03.xlsx,2024-09-03.xlsx,.xlsx,3494766,2026-05-04T06:47:26,report_out,xlsx,en
09_REPORTS_OUT/تقارير الاستشاري/التقرير اليومي المحدث/2024-09-05.xlsx,2024-09-05.xlsx,.xlsx,3484178,2026-05-04T06:47:26,report_out,xlsx,en
09_REPORTS_OUT/تقارير الاستشاري/التقرير اليومي المحدث/2024-09-07.xlsx,2024-09-07.xlsx,.xlsx,3631429,2026-05-04T06:47:27,report_out,xlsx,en
09_REPORTS_OUT/تقارير الاستشاري/التقرير اليومي المحدث/2024-09-08.xlsx,2024-09-08.xlsx,.xlsx,3490168,2026-05-04T06:47:27,report_out,xlsx,en
09_REPORTS_OUT/تقارير الاستشاري/التقرير اليومي المحدث/2024-09-09.xlsx,2024-09-09.xlsx,.xlsx,3573877,2026-05-04T06:47:27,report_out,xlsx,en
09_REPORTS_OUT/تقارير الاستشاري/التقرير اليومي المحدث/2024-09-10.xlsx,2024-09-10.xlsx,.xlsx,3418197,2026-05-04T06:47:27,report_out,xlsx,en
09_REPORTS_OUT/تقارير الاستشاري/التقرير اليومي المحدث/2024-09-11.xlsx,2024-09-11.xlsx,.xlsx,3371416,2026-05-04T06:47:27,report_out,xlsx,en
09_REPORTS_OUT/تقارير الاستشاري/التقرير اليومي المحدث/2024-09-12.xlsx,2024-09-12.xlsx,.xlsx,3303764,2026-05-04T06:47:27,report_out,xlsx,en
09_REPORTS_OUT/تقارير الاستشاري/التقرير اليومي المحدث/2024-09-14.xlsx,2024-09-14.xlsx,.xlsx,3361566,2026-05-04T06:47:27,report_out,xlsx,en
09_REPORTS_OUT/تقارير الاستشاري/التقرير اليومي المحدث/2024-09-15.xlsx,2024-09-15.xlsx,.xlsx,3347663,2026-05-04T06:47:27,report_out,xlsx,en
09_REPORTS_OUT/تقارير الاستشاري/التقرير اليومي المحدث/2024-09-17.xlsx,2024-09-17.xlsx,.xlsx,3227886,2026-05-04T06:47:27,report_out,xlsx,en
09_REPORTS_OUT/تقارير الاستشاري/التقرير اليومي المحدث/2024-09-18.xlsx,2024-09-18.xlsx,.xlsx,3279151,2026-05-04T06:47:27,report_out,xlsx,en
09_REPORTS_OUT/تقارير الاستشاري/التقرير اليومي المحدث/2024-09-19.xlsx,2024-09-19.xlsx,.xlsx,3347435,2026-05-04T06:47:27,report_out,xlsx,en
09_REPORTS_OUT/تقارير الاستشاري/التقرير اليومي المحدث/2024-09-21.xlsx,2024-09-21.xlsx,.xlsx,3265672,2026-05-04T06:47:27,report_out,xlsx,en
09_REPORTS_OUT/تقارير الاستشاري/التقرير اليومي المحدث/2024-09-24.xlsx,2024-09-24.xlsx,.xlsx,3332001,2026-05-04T06:47:27,report_out,xlsx,en
09_REPORTS_OUT/تقارير الاستشاري/التقرير اليومي المحدث/93ecc7a1-e0a5-415e-b9ae-d5b2e28e8c05.jfif,93ecc7a1-e0a5-415e-b9ae-d5b2e28e8c05.jfif,.jfif,168098,2026-05-04T06:47:23,report_out,unknown,en
09_REPORTS_OUT/تقارير الاستشاري/التقرير اليومي المحدث/Thumbs.db,Thumbs.db,.db,204288,2026-05-04T06:47:27,report_out,unknown,en
09_REPORTS_OUT/تقارير الاستشاري/التقرير اليومي المحدث/~$2024-05-20.xlsx,~$2024-05-20.xlsx,.xlsx,165,2026-05-04T06:47:23,report_out,xlsx,en
09_REPORTS_OUT/تقارير الاستشاري/التقرير اليومي المحدث/~$2024-07-6.xlsx,~$2024-07-6.xlsx,.xlsx,165,2026-05-04T06:47:23,report_out,xlsx,en
09_REPORTS_OUT/تقارير الاستشاري/تقرير مقاول البوابات Rev01 .docx,تقرير مقاول البوابات Rev01 .docx,.docx,201927,2026-05-04T06:47:15,report_out,docx,ar
09_REPORTS_OUT/تقارير الاستشاري/تقرير مقاول البوابات Rev01 .pdf,تقرير مقاول البوابات Rev01 .pdf,.pdf,183873,2026-05-04T06:47:15,report_out,pdf,ar
09_REPORTS_OUT/تقارير الاستشاري/تقرير مقاول البوابات.docx,تقرير مقاول البوابات.docx,.docx,200630,2026-05-04T06:47:15,report_out,docx,ar
09_REPORTS_OUT/تقارير الاستشاري/تقرير مقاول البوابات.pdf,تقرير مقاول البوابات.pdf,.pdf,179868,2026-05-04T06:47:15,report_out,pdf,ar
08_TEMPLATES/CAL.xlsx,CAL.xlsx,.xlsx,86498,2026-05-04T06:47:15,template,xlsx,en
08_TEMPLATES/NCR  نموذج .docx,NCR  نموذج .docx,.docx,65251,2026-05-04T06:47:15,template,docx,ar
08_TEMPLATES/README.md,README.md,.md,777,2026-05-04T06:47:15,template,markdown,en
08_TEMPLATES/RQS.xlsx,RQS.xlsx,.xlsx,129078,2026-05-04T06:47:15,template,xlsx,en
08_TEMPLATES/اذن بدء اعمال.docx,اذن بدء اعمال.docx,.docx,111357,2026-05-04T06:47:15,template,docx,ar
08_TEMPLATES/طلب اعتماد مخططات    Request For Drawing Approval.xlsx,طلب اعتماد مخططات    Request For Drawing Approval.xlsx,.xlsx,113755,2026-05-04T06:47:15,template,xlsx,ar
